Date,True Cons,dLinear Cons,TimesNet Cons,True Prod,Pred Prod
2023-08-21 00:00:00,6.4042,7.3683186,6.473668,0.0,0.0
2023-08-21 01:00:00,6.6728997,7.376324,6.8105445,0.0,0.0
2023-08-21 02:00:00,6.82085,7.295319,6.576952,0.0,0.0
2023-08-21 03:00:00,6.9009504,7.2852654,6.521654,0.0,0.0
2023-08-21 04:00:00,6.7004666,7.30667,6.7721667,0.0,0.0
2023-08-21 05:00:00,5.4986,7.148797,6.88658,0.0,0.0
2023-08-21 06:00:00,6.6674,6.9685926,6.3267674,0.115675256,1.0127103
2023-08-21 07:00:00,6.32945,6.995212,6.2722235,4.2928753,11.839367
2023-08-21 08:00:00,8.72785,7.0176287,6.71971,15.8497,12.780022
2023-08-21 09:00:00,12.9390335,7.0422845,6.776926,27.0765,32.710247
2023-08-21 10:00:00,10.603,7.438919,7.184566,35.088875,18.890682
2023-08-21 11:00:00,9.781533,11.689789,9.329344,39.58865,27.399279
2023-08-21 12:00:00,11.9833,11.668936,9.266223,43.560448,41.240353
2023-08-21 13:00:00,11.80925,11.470404,9.444555,43.405643,41.808136
2023-08-21 14:00:00,12.0157995,11.560358,9.334193,41.53735,39.881718
2023-08-21 15:00:00,11.8015,11.407221,9.442375,36.440926,26.0099
2023-08-21 16:00:00,11.96276,11.403012,9.404538,27.303375,8.006481
2023-08-21 17:00:00,9.53715,11.595298,9.539892,5.1340504,6.241687
2023-08-21 18:00:00,11.958099,11.444657,9.808892,2.5334752,2.150558
2023-08-21 19:00:00,10.8723,10.762514,9.200098,0.37852487,0.7408598
2023-08-21 20:00:00,10.150634,9.765131,8.85611,0.0,0.0
2023-08-21 21:00:00,12.092167,8.806206,8.341785,0.0,0.0
2023-08-21 22:00:00,8.601733,8.324626,7.9795165,0.0,0.0
2023-08-21 23:00:00,8.432349,8.143148,7.8010697,0.0,0.0
2023-08-22 00:00:00,7.7024503,8.144853,7.4183474,0.0,0.0
2023-08-22 01:00:00,4.7957,8.048239,7.6703763,0.0,0.0
2023-08-22 02:00:00,7.2049,7.873714,7.3754787,0.0,0.0
2023-08-22 03:00:00,6.83545,7.8324385,7.268787,0.0,0.0
2023-08-22 04:00:00,6.63095,7.785833,7.1158586,0.0,0.0
2023-08-22 05:00:00,6.863275,7.6626453,6.7216864,0.0,0.0
2023-08-22 06:00:00,6.82415,7.8564725,6.6830378,0.5856742,0.9104848
2023-08-22 07:00:00,6.79704,8.364493,7.4226756,4.9496,3.3155951
2023-08-22 08:00:00,6.7957997,9.184706,7.9654126,16.3851,15.822253
2023-08-22 09:00:00,6.8315496,10.207982,8.011579,27.304699,26.804707
2023-08-22 10:00:00,11.66405,9.488968,10.357658,35.334198,35.614475
2023-08-22 11:00:00,8.3236,10.1445465,10.79622,39.008823,39.353188
2023-08-22 12:00:00,11.9152,10.467844,11.195164,40.7692,41.351917
2023-08-22 13:00:00,11.935934,10.851813,10.901248,43.121075,41.303837
2023-08-22 14:00:00,12.0168,10.939715,10.745704,42.676525,40.3327
2023-08-22 15:00:00,12.116366,10.987146,10.63009,35.649876,26.601503
2023-08-22 16:00:00,12.05395,11.050714,11.24874,13.824901,30.390335
2023-08-22 17:00:00,6.8022003,11.076176,11.213411,16.569975,5.1087728
2023-08-22 18:00:00,9.406401,10.944888,10.850615,6.4856753,1.8093686
2023-08-22 19:00:00,12.0810995,10.778148,10.919977,1.0762504,0.7563032
2023-08-22 20:00:00,6.9057,10.376444,10.898608,0.0,0.0
2023-08-22 21:00:00,10.420033,9.858732,10.2688055,0.0,0.0
2023-08-22 22:00:00,11.075974,9.200098,9.917531,0.0,0.0
2023-08-22 23:00:00,7.6921663,8.717938,9.138479,0.0,0.0
2023-08-23 00:00:00,7.8448,8.207847,8.639437,0.0,0.0
2023-08-23 01:00:00,7.0748334,7.7900343,8.407556,0.0,0.0
2023-08-23 02:00:00,5.95535,7.534196,8.11697,0.0,0.0
2023-08-23 03:00:00,6.3008,7.372753,7.9166656,0.0,0.0
2023-08-23 04:00:00,6.7171497,7.1664577,7.292005,0.0,0.0
2023-08-23 05:00:00,7.0147996,7.0266514,7.3241224,0.0,0.0
2023-08-23 06:00:00,6.910967,6.8225884,7.015748,0.17105025,1.1515952
2023-08-23 07:00:00,6.807133,6.8025513,7.031512,4.6651754,3.6958022
2023-08-23 08:00:00,5.481633,7.1133156,7.844324,16.07355,16.086369
2023-08-23 09:00:00,7.0382004,7.514137,8.314617,27.7975,27.11034
2023-08-23 10:00:00,6.82146,7.9541435,9.541958,35.689022,29.261705
2023-08-23 11:00:00,9.2828,8.212959,10.054916,39.852226,38.889294
2023-08-23 12:00:00,11.9247,8.639043,11.072017,31.72755,39.765823
2023-08-23 13:00:00,11.969333,8.94012,11.457518,32.196125,35.262806
2023-08-23 14:00:00,12.38575,9.031846,11.650974,30.242075,34.511707
2023-08-23 15:00:00,12.031151,9.002323,11.462661,21.802801,30.322424
2023-08-23 16:00:00,12.02425,8.87439,11.407014,15.244625,15.349793
2023-08-23 17:00:00,11.9193,8.595362,11.089483,14.10675,15.735051
2023-08-23 18:00:00,12.113975,8.737431,10.870802,5.07785,4.6848764
2023-08-23 19:00:00,12.11225,8.822654,11.139533,0.39322507,0.92678267
2023-08-23 20:00:00,11.758201,8.737911,10.899271,0.0,0.0
2023-08-23 21:00:00,12.20535,8.669889,9.836129,0.0,0.0
2023-08-23 22:00:00,6.7757998,8.441634,8.839364,0.0,0.0
2023-08-23 23:00:00,8.49175,8.117629,8.252088,0.0,0.0
2023-08-24 00:00:00,7.8909,7.856124,7.58784,0.0,0.0
2023-08-24 01:00:00,5.5418673,7.5333824,7.045589,0.0,0.0
2023-08-24 02:00:00,6.94805,7.375608,6.699004,0.0,0.0
2023-08-24 03:00:00,6.9262004,7.442459,6.671828,0.0,0.0
2023-08-24 04:00:00,5.7041,7.555049,6.7101107,0.0,0.0
2023-08-24 05:00:00,6.4653997,7.6508355,6.965254,0.0,0.0
2023-08-24 06:00:00,6.610225,7.601964,7.533855,0.12914889,0.98983735
2023-08-24 07:00:00,4.8802996,7.724107,7.911365,3.8874497,3.5765474
2023-08-24 08:00:00,6.7965603,7.281227,5.8911004,12.408,15.877709
2023-08-24 09:00:00,6.7185,7.922681,6.9094777,27.51945,27.7902
2023-08-24 10:00:00,5.8143253,8.732609,7.98589,37.092148,28.269371
2023-08-24 11:00:00,6.6946,9.755819,10.019512,31.198574,39.500355
2023-08-24 12:00:00,5.8487,10.840035,11.349953,34.000725,17.206116
2023-08-24 13:00:00,4.7848997,11.604779,12.278906,30.206324,26.736097
2023-08-24 14:00:00,7.051883,12.162803,12.481293,29.4814,14.791398
2023-08-24 15:00:00,6.7901,12.314141,12.498147,10.8463,15.8328285
2023-08-24 16:00:00,6.528317,12.027431,12.252996,22.514349,12.844132
2023-08-24 17:00:00,8.670266,11.825528,11.649762,14.92595,15.053201
2023-08-24 18:00:00,12.343134,11.855601,11.48921,3.9950502,3.6527212
2023-08-24 19:00:00,11.0232,11.8947935,11.444999,0.40477487,0.7596225
2023-08-24 20:00:00,6.96305,11.695573,10.715339,0.0,0.0
2023-08-24 21:00:00,9.2199,11.188143,10.275084,0.0,0.0
2023-08-24 22:00:00,7.821067,10.373843,10.056142,0.0,0.0
2023-08-24 23:00:00,6.479133,9.451609,9.066162,0.0,0.0
2023-08-25 00:00:00,6.2813997,8.491911,7.578478,0.0,0.0
2023-08-25 01:00:00,7.1082997,7.6973324,6.6609316,0.0,0.0
2023-08-25 02:00:00,7.137467,7.3575063,6.7345715,0.0,0.0
2023-08-25 03:00:00,6.9606333,7.2193265,6.8778753,0.0,0.0
2023-08-25 04:00:00,6.8077,7.3135433,6.450105,0.0,0.0
2023-08-25 05:00:00,6.8803253,7.3749275,6.6013107,0.0,0.0
2023-08-25 06:00:00,5.95868,7.500709,7.0266533,0.24477486,0.81046134
2023-08-25 07:00:00,7.1951003,5.903364,6.893202,4.542975,2.82602
2023-08-25 08:00:00,5.856325,6.164047,6.7615685,13.99195,9.52997
2023-08-25 09:00:00,6.98125,6.5990686,6.5894217,24.063725,22.187601
2023-08-25 10:00:00,6.919725,6.893833,6.778071,35.975353,36.75926
2023-08-25 11:00:00,7.481,7.206106,6.611368,38.57477,28.42039
2023-08-25 12:00:00,6.8400497,7.494356,6.971974,42.86355,17.316711
2023-08-25 13:00:00,8.201349,7.783102,6.6227,27.681099,24.041315
2023-08-25 14:00:00,10.687201,7.8850174,6.818975,28.155651,26.88537
2023-08-25 15:00:00,11.6921,7.8034377,6.694969,19.143074,11.14426
2023-08-25 16:00:00,8.554067,7.8822765,6.741996,15.402349,5.2163444
2023-08-25 17:00:00,11.9452,8.20634,6.928198,9.92745,5.4887233
2023-08-25 18:00:00,12.214134,8.674113,6.695719,3.6736996,1.8892368
2023-08-25 19:00:00,8.497475,8.9177685,6.7092705,0.62197506,0.76222897
2023-08-25 20:00:00,9.2485,8.648443,6.563276,0.0,0.0
2023-08-25 21:00:00,8.286799,8.28764,6.5909452,0.0,0.0
2023-08-25 22:00:00,7.7147,7.811638,6.3485518,0.0,0.0
2023-08-25 23:00:00,7.027,7.30412,6.513806,0.0,0.0
2023-08-26 00:00:00,5.926225,6.9937487,6.150309,0.0,0.0
2023-08-26 01:00:00,6.94365,6.8456483,6.4654202,0.0,0.0
2023-08-26 02:00:00,6.2607,6.91899,6.394022,0.0,0.0
2023-08-26 03:00:00,6.66606,7.0635376,6.462142,0.0,0.0
2023-08-26 04:00:00,6.2012,7.019028,6.3921404,0.0,0.0
2023-08-26 05:00:00,7.09595,6.3494706,6.13251,0.0,0.0
2023-08-26 06:00:00,7.9907002,6.3445516,6.5772295,0.106975056,1.8254077
2023-08-26 07:00:00,7.5684247,6.614372,6.321496,3.9860747,3.8678637
2023-08-26 08:00:00,5.9571,7.2043824,6.8428454,14.924675,14.002043
2023-08-26 09:00:00,7.1308,7.948904,7.04796,26.119225,30.376347
2023-08-26 10:00:00,6.8797665,8.705914,7.42173,34.112125,37.572407
2023-08-26 11:00:00,6.838933,9.48689,7.3279324,38.9292,39.23284
2023-08-26 12:00:00,6.9926,10.301111,7.3945074,41.887802,41.546776
2023-08-26 13:00:00,6.8112,10.873486,8.994676,43.38142,32.917004
2023-08-26 14:00:00,7.8015,11.112195,8.9927225,40.861073,34.13559
2023-08-26 15:00:00,4.8343,11.21497,9.959574,35.30845,26.624866
2023-08-26 16:00:00,8.8291,11.219921,9.529162,22.9042,19.759865
2023-08-26 17:00:00,8.868401,11.280584,9.480692,13.726,12.2494955
2023-08-26 18:00:00,7.017775,11.346112,9.772373,5.0553255,1.931023
2023-08-26 19:00:00,8.5496,11.057695,9.947701,0.9052514,0.81339884
2023-08-26 20:00:00,9.158,10.391751,9.859959,0.0,0.0
2023-08-26 21:00:00,9.1118,9.6938715,9.037646,0.0,0.0
2023-08-26 22:00:00,8.1691,8.752802,8.476195,0.0,0.0
2023-08-26 23:00:00,5.5617332,7.950646,8.021853,0.0,0.0
2023-08-27 00:00:00,6.9447002,7.320844,7.317422,0.0,0.0
2023-08-27 01:00:00,7.0053997,6.8736625,6.8191504,0.0,0.0
2023-08-27 02:00:00,5.4951663,6.666904,6.812495,0.0,0.0
2023-08-27 03:00:00,2.1398,6.617768,6.4628572,0.0,0.0
2023-08-27 04:00:00,1.8851497,6.7522097,6.099641,0.0,0.0
2023-08-27 05:00:00,9.28942,4.045543,5.3980026,0.0,0.0
2023-08-27 06:00:00,8.44755,4.010752,5.5915494,0.123601034,1.0002475
2023-08-27 07:00:00,7.60568,3.9114568,5.3981276,3.97735,3.1480043
2023-08-27 08:00:00,7.420053,3.7782865,5.4083123,15.1264,15.094314
2023-08-27 09:00:00,7.5513597,3.5891252,5.6039214,26.296724,26.326908
2023-08-27 10:00:00,7.6826663,3.799782,5.4995723,34.290127,34.724117
2023-08-27 11:00:00,7.3483,4.2168636,5.268334,39.2122,38.89172
2023-08-27 12:00:00,5.769475,4.6654806,5.621161,41.412075,34.24709
2023-08-27 13:00:00,7.45675,5.1532044,5.6486955,30.740425,41.147377
2023-08-27 14:00:00,9.144026,6.063168,5.6359076,42.93755,39.33975
2023-08-27 15:00:00,7.2875667,6.7867837,5.9164696,36.593052,34.22897
2023-08-27 16:00:00,6.92148,7.148248,5.910526,25.624725,20.144087
2023-08-27 17:00:00,6.5553937,7.4392343,5.8638077,14.088901,14.802296
2023-08-27 18:00:00,7.5308003,7.760526,6.2635255,3.9859498,3.4441118
2023-08-27 19:00:00,5.1558,7.788377,6.0643473,0.40097603,0.8830629
2023-08-27 20:00:00,6.9409,7.81745,5.9177423,0.0,0.0
2023-08-27 21:00:00,7.7612996,7.6528916,5.9801745,0.0,0.0
2023-08-27 22:00:00,7.62445,7.3154554,6.1814528,0.0,0.0
2023-08-27 23:00:00,6.3106003,6.810494,5.7753377,0.0,0.0
2023-08-28 00:00:00,7.0726333,6.429173,5.770191,0.0,0.0
2023-08-28 01:00:00,7.0182996,5.972299,5.734007,0.0,0.0
2023-08-28 02:00:00,6.3736663,5.2912736,6.1714215,0.0,0.0
2023-08-28 03:00:00,6.97275,4.776755,6.23318,0.0,0.0
2023-08-28 04:00:00,6.99775,6.731517,5.8378315,0.0,0.0
2023-08-28 05:00:00,7.023875,7.3395796,6.1946197,0.0,0.0
2023-08-28 06:00:00,5.6534753,7.723039,6.39914,0.09002584,1.1369575
2023-08-28 07:00:00,7.66888,7.940046,6.570692,5.3787503,3.2625406
2023-08-28 08:00:00,7.03374,7.805719,6.5054,15.540276,15.40897
2023-08-28 09:00:00,6.3986,7.752039,5.7353244,27.586124,27.12693
2023-08-28 10:00:00,7.5269504,7.861833,5.872807,35.085552,34.766365
2023-08-28 11:00:00,9.029799,7.903522,6.722696,40.078022,38.96722
2023-08-28 12:00:00,11.819325,7.801181,6.8828573,42.744297,40.7225
2023-08-28 13:00:00,9.800651,8.038032,7.1676664,44.562546,33.53032
2023-08-28 14:00:00,9.95695,8.427033,7.1192446,42.35315,40.00789
2023-08-28 15:00:00,12.5732,8.628949,7.6028924,36.252228,35.692345
2023-08-28 16:00:00,12.142,8.596461,7.72518,26.847052,23.306034
2023-08-28 17:00:00,12.940125,8.499886,7.9732146,13.704925,14.9404955
2023-08-28 18:00:00,7.2874,8.244284,8.000629,3.2056997,2.0727446
2023-08-28 19:00:00,9.157967,8.117747,8.052385,0.7257748,0.76137346
2023-08-28 20:00:00,12.566625,8.144991,7.8441052,0.0,0.0
2023-08-28 21:00:00,12.4196,8.1651945,7.46713,0.0,0.0
2023-08-28 22:00:00,10.655833,8.024544,7.2738576,0.0,0.0
2023-08-28 23:00:00,12.378066,7.916358,6.830313,0.0,0.0
2023-08-29 00:00:00,12.331201,7.891819,6.909783,0.0,0.0
2023-08-29 01:00:00,7.1867666,7.6876583,6.881415,0.0,0.0
2023-08-29 02:00:00,7.1092668,7.441361,6.0780888,0.0,0.0
2023-08-29 03:00:00,7.1462,7.8793817,6.4790373,0.0,0.0
2023-08-29 04:00:00,6.24135,7.874634,6.63695,0.0,0.0
2023-08-29 05:00:00,5.2079,8.18832,6.6344023,0.0,0.0
2023-08-29 06:00:00,6.6807747,8.272573,6.4519033,0.10730025,1.6840727
2023-08-29 07:00:00,7.11655,7.916234,6.611412,3.8145747,4.0674343
2023-08-29 08:00:00,7.3229,7.4985723,6.71241,15.211901,15.641893
2023-08-29 09:00:00,7.6822004,7.284884,6.332715,26.938475,27.400967
2023-08-29 10:00:00,6.338225,7.4999366,6.9319067,35.16605,35.309845
2023-08-29 11:00:00,8.905267,7.923029,7.0840807,40.3449,39.322304
2023-08-29 12:00:00,11.961451,8.739422,7.614835,42.45725,40.79751
2023-08-29 13:00:00,9.5848,9.840796,7.84776,44.60523,41.386494
2023-08-29 14:00:00,12.0387335,10.883339,8.4465065,41.921696,39.20828
2023-08-29 15:00:00,12.151267,11.48758,8.537644,36.0168,34.534756
2023-08-29 16:00:00,11.002026,11.713163,9.6884575,27.03755,23.174608
2023-08-29 17:00:00,12.36365,11.558045,9.327829,13.762625,8.67108
2023-08-29 18:00:00,12.6522,11.316194,9.221913,4.85085,1.7216411
2023-08-29 19:00:00,12.1987,11.368564,8.462167,0.27292526,0.83911175
2023-08-29 20:00:00,9.157566,11.778305,8.325853,0.0,0.0
2023-08-29 21:00:00,10.304917,11.883395,8.580032,0.0,0.0
2023-08-29 22:00:00,11.311384,11.5848465,7.9047265,0.0,0.0
2023-08-29 23:00:00,12.317849,11.0739,7.66143,0.0,0.0
2023-08-30 00:00:00,9.61325,10.254442,7.8310595,0.0,0.0
2023-08-30 01:00:00,10.842875,9.299363,7.290337,0.0,0.0
2023-08-30 02:00:00,6.7949,7.666559,8.311969,0.0,0.0
2023-08-30 03:00:00,6.90715,7.0811915,8.092838,0.0,0.0
2023-08-30 04:00:00,7.0194,6.934996,7.5950155,0.0,0.0
2023-08-30 05:00:00,6.91335,7.234224,7.4040704,0.0,0.0
2023-08-30 06:00:00,7.0429,7.6294413,7.392125,0.07314987,1.4559156
2023-08-30 07:00:00,7.1906,7.849994,7.5805507,4.24215,2.9459732
2023-08-30 08:00:00,7.0048666,7.7040443,7.6052613,15.949349,15.415523
2023-08-30 09:00:00,6.74,7.6589932,7.921383,27.368975,27.548754
2023-08-30 10:00:00,8.790566,7.767152,8.554812,35.25305,36.36123
2023-08-30 11:00:00,12.23075,8.179398,9.005244,40.118977,39.78652
2023-08-30 12:00:00,12.72396,8.935591,9.45312,42.264275,40.867027
2023-08-30 13:00:00,12.0338,9.8717,10.687807,28.5686,41.75217
2023-08-30 14:00:00,11.343639,10.585233,10.916407,39.90235,39.879
2023-08-30 15:00:00,12.3409,10.877654,11.620847,36.56555,35.303684
2023-08-30 16:00:00,12.358725,10.855559,11.348121,27.083626,24.850134
2023-08-30 17:00:00,12.37655,10.525902,11.556272,13.448225,12.671834
2023-08-30 18:00:00,8.895734,10.039372,10.51445,3.2567506,3.43256
2023-08-30 19:00:00,9.9472,9.838978,10.258859,0.19239986,0.7336078
2023-08-30 20:00:00,9.05775,9.969016,10.77248,0.0,0.0
2023-08-30 21:00:00,8.121799,10.055312,10.858547,0.0,0.0
2023-08-30 22:00:00,6.6502004,9.957168,10.623723,0.0,0.0
2023-08-30 23:00:00,7.0776,9.567071,10.522106,0.0,0.0
2023-08-31 00:00:00,7.054425,8.948646,9.372725,0.0,0.0
2023-08-31 01:00:00,6.0539503,5.698211,6.8363295,0.0,0.0
2023-08-31 02:00:00,7.060433,5.1304064,6.414515,0.0,0.0
2023-08-31 03:00:00,6.60814,4.7995577,6.133007,0.0,0.0
2023-08-31 04:00:00,6.97125,5.1209593,6.432315,0.0,0.0
2023-08-31 05:00:00,7.1783,5.959841,6.177401,0.0,0.0
2023-08-31 06:00:00,7.09305,6.841869,6.365146,0.10144967,1.704523
2023-08-31 07:00:00,6.2769,7.6020637,6.840724,5.183201,4.2013736
2023-08-31 08:00:00,6.3031,8.127854,7.009268,15.637175,17.38955
2023-08-31 09:00:00,7.268,8.572369,7.0318594,27.14965,28.23923
2023-08-31 10:00:00,6.8726,9.101153,7.246705,35.1329,31.756266
2023-08-31 11:00:00,7.0135,9.888761,8.287523,30.12565,35.118496
2023-08-31 12:00:00,7.1076665,10.749926,10.175409,42.9165,38.26306
2023-08-31 13:00:00,9.045401,11.410863,11.300041,43.40925,38.832554
2023-08-31 14:00:00,10.4659,11.90545,10.90988,40.594772,35.712418
2023-08-31 15:00:00,7.7746,12.094038,11.045678,33.591602,27.08999
2023-08-31 16:00:00,12.618,11.731454,11.462131,25.847925,26.39451
2023-08-31 17:00:00,12.16245,10.944419,11.479688,14.367425,7.0755076
2023-08-31 18:00:00,11.893233,10.026873,10.489882,2.6058998,4.6002526
2023-08-31 19:00:00,11.8324,9.363827,10.032638,0.21872506,3.970807
2023-08-31 20:00:00,11.771566,9.032679,10.149717,0.0,0.0
2023-08-31 21:00:00,7.522033,8.749714,9.850674,0.0,0.0
2023-08-31 22:00:00,6.3232336,8.242892,8.920498,0.0,0.0
2023-08-31 23:00:00,4.9103,7.72454,8.31707,0.0,0.0
2023-09-21 00:00:00,11.942901,10.707415,11.086151,0.0,0.0
2023-09-21 01:00:00,11.029224,9.720158,9.354943,0.0,0.0
2023-09-21 02:00:00,7.1119,8.733525,7.903738,0.0,0.0
2023-09-21 03:00:00,6.7547,8.720668,7.408657,0.0,0.0
2023-09-21 04:00:00,7.04035,8.519756,7.515857,0.0,0.0
2023-09-21 05:00:00,6.846467,8.543777,7.7614975,0.0,0.0
2023-09-21 06:00:00,6.85635,8.579317,7.9214263,0.0,0.0
2023-09-21 07:00:00,6.4937,8.842127,8.150918,1.6021001,2.6897876
2023-09-21 08:00:00,7.0319667,9.107288,8.166327,9.0166,10.302998
2023-09-21 09:00:00,7.0702,9.46555,8.853685,17.265175,15.854592
2023-09-21 10:00:00,6.6094503,9.944527,9.124551,15.700174,27.989996
2023-09-21 11:00:00,10.74275,10.438957,10.105998,27.26895,29.256433
2023-09-21 12:00:00,12.474466,10.989697,11.194442,33.833397,6.918296
2023-09-21 13:00:00,11.673375,11.821679,12.372707,18.225468,7.212012
2023-09-21 14:00:00,8.04535,12.54947,13.562563,7.0316796,27.748909
2023-09-21 15:00:00,13.3882,12.811928,13.679447,15.6896,27.524729
2023-09-21 16:00:00,12.8887005,12.704215,13.803311,18.77956,14.335404
2023-09-21 17:00:00,12.500401,12.513548,14.08848,9.014925,9.221092
2023-09-21 18:00:00,12.9519005,12.369331,13.776898,1.2375503,1.136311
2023-09-21 19:00:00,12.621533,12.137074,13.210763,0.0,0.0
2023-09-21 20:00:00,12.736466,11.850056,13.23094,0.0,0.0
2023-09-21 21:00:00,12.468901,11.589962,13.457771,0.0,0.0
2023-09-21 22:00:00,7.4641333,11.069581,12.967618,0.0,0.0
2023-09-21 23:00:00,12.0618,10.674862,12.153483,0.0,0.0
2023-09-22 00:00:00,11.960033,10.25127,11.526661,0.0,0.0
2023-09-22 01:00:00,12.3599,9.761869,8.450049,0.0,0.0
2023-09-22 02:00:00,11.658,8.889378,7.5696344,0.0,0.0
2023-09-22 03:00:00,5.4361,8.575376,7.4948597,0.0,0.0
2023-09-22 04:00:00,7.26705,8.460983,7.637143,0.0,0.0
2023-09-22 05:00:00,7.0664,8.502174,7.164492,0.0,0.0
2023-09-22 06:00:00,7.0933,8.4980755,6.77851,0.0,0.0
2023-09-22 07:00:00,7.9339,8.555768,7.174886,3.4263003,5.903862
2023-09-22 08:00:00,9.962267,8.646865,8.23009,13.254434,15.946016
2023-09-22 09:00:00,11.546451,8.930993,8.371787,27.75116,25.970636
2023-09-22 10:00:00,12.360849,9.350009,8.794,37.831326,26.61223
2023-09-22 11:00:00,12.2327,9.806624,9.094969,44.768967,37.646606
2023-09-22 12:00:00,12.11035,10.4522,10.725413,47.27785,39.345695
2023-09-22 13:00:00,11.988,11.400378,12.329531,45.326447,32.14637
2023-09-22 14:00:00,12.438621,12.043771,11.955451,41.9232,24.37396
2023-09-22 15:00:00,12.88924,12.339813,12.013642,36.859238,21.47131
2023-09-22 16:00:00,13.4617,12.434629,12.36211,24.946375,16.375124
2023-09-22 17:00:00,10.521033,12.436139,12.238762,11.394,9.246897
2023-09-22 18:00:00,6.80495,12.40902,11.680984,1.3132007,0.96849555
2023-09-22 19:00:00,12.156234,12.476182,11.299222,0.03007955,0.67849165
2023-09-22 20:00:00,12.07275,12.441463,11.804403,0.0,0.0
2023-09-22 21:00:00,12.07275,12.074884,11.983807,0.0,0.0
2023-09-22 22:00:00,9.2003,11.607354,11.204005,0.0,0.0
2023-09-22 23:00:00,11.82,11.250705,11.050112,0.0,0.0
2023-09-23 00:00:00,12.154401,10.6409025,10.200287,0.0,0.0
2023-09-23 01:00:00,11.891325,10.398692,8.943388,0.0,0.0
2023-09-23 02:00:00,11.6317005,9.931013,7.9055185,0.0,0.0
2023-09-23 03:00:00,8.8636,9.413565,6.969456,0.0,0.0
2023-09-23 04:00:00,4.8281,9.330521,7.050027,0.0,0.0
2023-09-23 05:00:00,7.3715334,9.583268,6.7093334,0.0,0.0
2023-09-23 06:00:00,7.18848,10.008425,7.5069823,0.0,0.0
2023-09-23 07:00:00,7.15994,10.385277,7.2888455,2.8886,2.343608
2023-09-23 08:00:00,7.1314,10.629984,7.3228874,14.751599,13.580905
2023-09-23 09:00:00,9.407,10.99314,7.9534116,28.17925,27.972332
2023-09-23 10:00:00,9.28295,11.147421,8.048743,38.77452,38.33132
2023-09-23 11:00:00,9.4002,11.322101,8.090608,44.746464,41.735477
2023-09-23 12:00:00,9.379,11.72915,8.255136,47.1307,42.91544
2023-09-23 13:00:00,9.4431505,12.055472,8.353246,46.78994,41.850906
2023-09-23 14:00:00,9.30495,12.367529,9.100876,43.201847,39.951656
2023-09-23 15:00:00,8.51884,12.60508,9.216196,37.001568,35.791523
2023-09-23 16:00:00,9.9247,12.568155,9.090805,27.742624,25.638718
2023-09-23 17:00:00,9.8075,12.11084,8.840462,14.050526,11.646097
2023-09-23 18:00:00,9.6903,11.65514,8.604807,2.3313003,0.9876684
2023-09-23 19:00:00,9.8623,11.442209,8.507086,0.0,0.0
2023-09-23 20:00:00,9.59575,11.210949,8.60298,0.0,0.0
2023-09-23 21:00:00,9.60535,10.973219,8.362534,0.0,0.0
2023-09-23 22:00:00,9.4711,10.694868,8.269808,0.0,0.0
2023-09-23 23:00:00,6.098225,10.539109,8.423899,0.0,0.0
2023-09-24 00:00:00,9.287933,9.583341,7.497366,0.0,0.0
2023-09-24 01:00:00,9.7638,9.319445,7.6032767,0.0,0.0
2023-09-24 02:00:00,9.424467,8.44018,7.7549014,0.0,0.0
2023-09-24 03:00:00,9.27845,7.578926,8.34661,0.0,0.0
2023-09-24 04:00:00,4.8687997,6.9928803,8.4369755,0.0,0.0
2023-09-24 05:00:00,5.6549835,6.9723825,8.477158,0.0,0.0
2023-09-24 06:00:00,6.395117,6.9321613,8.732042,0.0,0.0
2023-09-24 07:00:00,7.13525,6.8912015,9.261286,2.1345668,2.016898
2023-09-24 08:00:00,5.9602003,7.102453,8.147003,16.08674,14.187103
2023-09-24 09:00:00,6.8976,7.5248337,8.277754,30.101252,26.518702
2023-09-24 10:00:00,6.6973,7.8773193,8.549594,38.794125,38.06121
2023-09-24 11:00:00,7.32115,8.029529,8.795229,43.124,41.320847
2023-09-24 12:00:00,7.1216,8.176567,9.304092,46.016655,42.349045
2023-09-24 13:00:00,7.10895,8.583011,8.008914,43.738823,42.061863
2023-09-24 14:00:00,7.1479,9.217852,7.7049737,41.951897,40.26824
2023-09-24 15:00:00,5.1235,10.0368185,8.201751,36.0325,35.729324
2023-09-24 16:00:00,5.95605,10.588539,8.42912,25.177279,25.157696
2023-09-24 17:00:00,6.9302335,10.649768,7.902119,10.359125,8.194654
2023-09-24 18:00:00,6.9828997,10.563506,7.575869,1.3921753,1.2829252
2023-09-24 19:00:00,7.1286,10.63116,7.783238,0.0,0.0
2023-09-24 20:00:00,6.529225,10.566141,8.507831,0.0,0.0
2023-09-24 21:00:00,6.6284084,10.232545,8.262282,0.0,0.0
2023-09-24 22:00:00,6.64032,9.815363,7.7981286,0.0,0.0
2023-09-24 23:00:00,6.95135,6.8295927,6.4861426,0.0,0.0
2023-09-25 00:00:00,6.922,7.545701,6.5021014,0.0,0.0
2023-09-25 01:00:00,5.87185,7.7768707,6.889119,0.0,0.0
2023-09-25 02:00:00,4.87575,7.616859,6.8574195,0.0,0.0
2023-09-25 03:00:00,6.84255,6.8414187,6.984871,0.0,0.0
2023-09-25 04:00:00,6.763767,6.3863754,6.2610264,0.0,0.0
2023-09-25 05:00:00,6.8677,6.4139667,6.6492863,0.0,0.0
2023-09-25 06:00:00,7.271567,6.602907,6.389306,0.0,0.0
2023-09-25 07:00:00,4.909,6.7902265,7.205369,3.9429,2.2947505
2023-09-25 08:00:00,6.599433,7.217634,7.2256827,16.61915,13.477069
2023-09-25 09:00:00,6.7426,7.662927,7.597787,26.824776,26.826607
2023-09-25 10:00:00,6.6912336,7.9467816,8.932904,38.59575,31.76896
2023-09-25 11:00:00,6.8692,7.8245997,9.645512,39.312824,37.402557
2023-09-25 12:00:00,6.7453,7.541724,10.211566,43.407894,41.275745
2023-09-25 13:00:00,14.5354,7.224419,10.554409,38.55205,38.2717
2023-09-25 14:00:00,14.2246,7.4417562,10.479142,38.6265,38.26144
2023-09-25 15:00:00,11.3215,8.095563,12.131848,33.2462,29.01763
2023-09-25 16:00:00,13.7689,8.456395,11.703528,20.157375,15.313695
2023-09-25 17:00:00,12.779201,8.37632,11.877085,9.06915,7.3299417
2023-09-25 18:00:00,12.1998,8.297076,11.80791,1.0198666,1.008309
2023-09-25 19:00:00,11.73,8.216258,11.759638,0.0,0.0
2023-09-25 20:00:00,11.8706,8.048077,10.997076,0.0,0.0
2023-09-25 21:00:00,11.375151,7.737906,11.374804,0.0,0.0
2023-09-25 22:00:00,11.425967,10.67464,11.827086,0.0,0.0
2023-09-25 23:00:00,9.691,10.419347,11.742747,0.0,0.0
2023-09-26 00:00:00,7.4305,10.041382,11.684947,0.0,0.0
2023-09-26 01:00:00,6.889567,9.301264,10.2364855,0.0,0.0
2023-09-26 02:00:00,6.91205,8.201227,9.4995365,0.0,0.0
2023-09-26 03:00:00,6.7784,7.4181304,7.6488304,0.0,0.0
2023-09-26 04:00:00,6.679633,6.8535786,7.103903,0.0,0.0
2023-09-26 05:00:00,6.6291003,6.8205094,7.1425624,0.0,0.0
2023-09-26 06:00:00,6.607725,7.074737,7.525024,0.0,0.0
2023-09-26 07:00:00,6.5747004,7.4149556,7.3409295,0.34787545,1.8833579
2023-09-26 08:00:00,6.70442,7.903219,7.5329547,2.277475,5.996901
2023-09-26 09:00:00,6.70442,8.627547,8.033891,2.38115,6.570316
2023-09-26 10:00:00,6.6763167,9.341809,8.956029,1.9464751,7.1154704
2023-09-26 11:00:00,6.6763167,10.002146,9.542142,3.9929254,6.8116446
2023-09-26 12:00:00,6.64955,10.553305,9.869517,4.249076,6.1049643
2023-09-26 13:00:00,6.859933,11.495492,11.309544,4.3509507,5.968905
2023-09-26 14:00:00,12.720401,12.555741,12.56996,5.0456,6.402236
2023-09-26 15:00:00,12.944651,13.304556,13.715738,3.1352506,8.246825
2023-09-26 16:00:00,13.273867,13.745482,14.26538,2.539225,7.778567
2023-09-26 17:00:00,13.533106,13.732647,14.146651,0.8967748,5.164604
2023-09-26 18:00:00,8.0542,13.475623,13.996334,0.06487545,0.9122065
2023-09-26 19:00:00,7.55695,13.220082,14.367849,0.0,0.0
2023-09-26 20:00:00,7.0597,12.771113,13.377915,0.0,0.0
2023-09-26 21:00:00,6.5624504,8.910938,10.249208,0.0,0.0
2023-09-26 22:00:00,6.59965,8.751708,9.854887,0.0,0.0
2023-09-26 23:00:00,6.63685,8.437318,10.162917,0.0,0.0
2023-09-27 00:00:00,6.5659666,7.6686926,7.114965,0.0,0.0
2023-09-27 01:00:00,7.0102334,6.454696,6.849695,0.0,0.0
2023-09-27 02:00:00,6.5543,5.659401,5.745403,0.0,0.0
2023-09-27 03:00:00,5.5139,4.9833493,4.8979883,0.0,0.0
2023-09-27 04:00:00,6.5332003,4.613185,4.692907,0.0,0.0
2023-09-27 05:00:00,7.5525,4.862395,5.252829,0.0,0.0
2023-09-27 06:00:00,6.5537333,5.6080174,5.249587,0.0,0.0
2023-09-27 07:00:00,6.5104504,6.241534,5.0042458,0.21497408,3.4924479
2023-09-27 08:00:00,5.1529503,6.5553536,5.0111427,1.0866753,18.705643
2023-09-27 09:00:00,6.794,6.6795783,5.2773466,8.979151,11.656395
2023-09-27 10:00:00,6.5719,6.799735,5.4319,10.693475,16.641405
2023-09-27 11:00:00,6.54705,6.808619,5.3894744,19.462051,15.977175
2023-09-27 12:00:00,7.1734,7.1601286,5.3766603,15.996375,18.081451
2023-09-27 13:00:00,8.34295,8.077328,5.887588,24.741,15.660282
2023-09-27 14:00:00,8.92135,8.939497,6.2794557,40.349926,17.96857
2023-09-27 15:00:00,10.97985,9.354111,6.4443517,18.729324,7.5491714
2023-09-27 16:00:00,13.7126,9.774999,6.093845,9.739076,4.6211333
2023-09-27 17:00:00,13.1182995,9.423296,6.2828655,4.89315,1.5342398
2023-09-27 18:00:00,12.086033,8.551816,6.328173,0.7020756,0.6916684
2023-09-27 19:00:00,12.4059,7.8782887,6.8157506,0.0,0.0
2023-09-27 20:00:00,11.592616,10.554328,10.699799,0.0,0.0
2023-09-27 21:00:00,11.324275,10.470274,11.042647,0.0,0.0
2023-09-27 22:00:00,8.988366,10.42631,10.530835,0.0,0.0
2023-09-27 23:00:00,5.3979497,10.352227,8.473788,0.0,0.0
2023-09-28 00:00:00,6.46815,9.8312435,7.017686,0.0,0.0
2023-09-28 01:00:00,6.9217997,9.236353,6.2933927,0.0,0.0
2023-09-28 02:00:00,6.8768997,8.329726,5.9565635,0.0,0.0
2023-09-28 03:00:00,6.8226666,7.5301824,5.7231936,0.0,0.0
2023-09-28 04:00:00,6.768433,6.90326,5.957685,0.0,0.0
2023-09-28 05:00:00,6.9354,6.7124357,6.187749,0.0,0.0
2023-09-28 06:00:00,6.7193666,6.886145,6.006529,0.0,0.0
2023-09-28 07:00:00,6.73435,7.2785053,6.553256,0.0,0.0
2023-09-28 08:00:00,6.7458,7.5566616,6.3554416,0.0,0.0
2023-09-28 09:00:00,6.7604,7.8137064,7.0347705,0.0,0.0
2023-09-28 10:00:00,6.72345,7.9705873,8.122091,0.0,0.0
2023-09-28 11:00:00,6.6877003,8.253206,8.653837,0.0,0.0
2023-09-28 12:00:00,6.8375,8.941445,8.692848,0.0,0.0
2023-09-28 13:00:00,6.7615,9.896774,10.492807,0.0,0.0
2023-09-28 14:00:00,6.7078333,10.835314,11.989605,0.0,0.0
2023-09-28 15:00:00,6.65,11.852548,12.097846,0.0,0.0
2023-09-28 16:00:00,6.8276,12.5499,12.516528,0.0,0.0
2023-09-28 17:00:00,12.259,12.8012,11.9707,2.8997798,3.8198383
2023-09-28 18:00:00,11.699833,12.650876,11.911831,0.26327586,0.83315474
2023-09-28 19:00:00,11.0576,10.865721,10.721534,0.0,0.0
2023-09-28 20:00:00,9.61775,10.849529,10.392032,0.0,0.0
2023-09-28 21:00:00,6.7379,10.4424925,9.622437,0.0,0.0
2023-09-28 22:00:00,8.0817,10.289076,8.618919,0.0,0.0
2023-09-28 23:00:00,7.7082,10.042444,8.42582,0.0,0.0
2023-09-29 00:00:00,6.830875,9.904997,7.728618,0.0,0.0
2023-09-29 01:00:00,5.283625,9.669015,7.3349175,0.0,0.0
2023-09-29 02:00:00,6.6171002,9.317182,6.6033998,0.0,0.0
2023-09-29 03:00:00,6.86985,8.9048,6.9361424,0.0,0.0
2023-09-29 04:00:00,7.8430834,8.260944,6.4320483,0.0,0.0
2023-09-29 05:00:00,6.8967004,7.6198106,6.626579,0.0,0.0
2023-09-29 06:00:00,5.7222004,7.516639,6.0860577,0.0,0.0
2023-09-29 07:00:00,6.86845,7.4899373,6.0364246,0.0,0.0
2023-09-29 08:00:00,6.7101,7.48979,5.8280697,0.0,0.0
2023-09-29 09:00:00,6.7049,7.390035,6.18424,0.0,0.0
2023-09-29 10:00:00,6.728,7.3520417,6.475445,7.7559,4.052729
2023-09-29 11:00:00,6.65165,7.4780254,6.8493314,15.33935,14.57891
2023-09-29 12:00:00,6.6812,7.5557137,7.211278,22.73965,11.400584
2023-09-29 13:00:00,6.6841,7.7436943,7.4966626,14.202701,18.28523
2023-09-29 14:00:00,7.3103337,8.140579,7.8996816,38.233948,15.859413
2023-09-29 15:00:00,8.729934,8.428144,8.723276,32.886803,16.426487
2023-09-29 16:00:00,9.2266,8.891046,8.464988,22.267225,5.9391956
2023-09-29 17:00:00,9.2953,9.313674,8.397832,7.3492503,1.3978803
2023-09-29 18:00:00,10.667075,9.305623,8.077082,0.54436666,2.009977
2023-09-29 19:00:00,8.8773,9.130099,7.084197,0.0,0.0
2023-09-29 20:00:00,7.6259,8.759527,6.954993,0.0,0.0
2023-09-29 21:00:00,7.03345,8.51062,7.213866,0.0,0.0
2023-09-29 22:00:00,7.159,8.085034,7.155008,0.0,0.0
2023-09-29 23:00:00,7.0785,7.9515057,6.906942,0.0,0.0
2023-09-30 00:00:00,6.9637003,7.7124166,6.842428,0.0,0.0
2023-09-30 01:00:00,6.695067,7.5874577,6.687281,0.0,0.0
2023-09-30 02:00:00,6.133067,7.3181043,6.2977877,0.0,0.0
2023-09-30 03:00:00,6.9815,6.9817667,6.29764,0.0,0.0
2023-09-30 04:00:00,6.6751666,6.596281,6.5665274,0.0,0.0
2023-09-30 05:00:00,7.1386776,6.5138254,6.565843,0.0,0.0
2023-09-30 06:00:00,6.6525,6.6271114,6.8872504,0.0,0.0
2023-09-30 07:00:00,6.61585,6.985836,7.205142,1.8862749,3.322568
2023-09-30 08:00:00,7.0812597,7.1983,7.1187935,12.9431505,9.324559
2023-09-30 09:00:00,7.1713,7.456102,7.2209287,26.565275,21.006233
2023-09-30 10:00:00,6.597,7.8418,7.3779635,35.651978,25.480192
2023-09-30 11:00:00,6.5807004,8.117569,7.748634,40.79265,27.415316
2023-09-30 12:00:00,6.6106663,8.320257,7.9189377,41.984932,21.412182
2023-09-30 13:00:00,6.62745,8.879748,9.096594,41.02085,15.874414
2023-09-30 14:00:00,6.81,9.399494,10.968355,30.680475,27.187395
2023-09-30 15:00:00,6.965,9.905606,11.502355,19.65325,19.82796
2023-09-30 16:00:00,7.0128503,10.511984,11.82971,11.626326,8.108631
2023-09-30 17:00:00,8.30355,8.601101,7.1710196,4.2193003,3.7962115
2023-09-30 18:00:00,8.4782,8.399381,6.983569,1.2603003,0.7942524
2023-09-30 19:00:00,4.8816,7.9018936,7.0496216,0.0,0.0
2023-09-30 20:00:00,7.2145,7.484006,6.832035,0.0,0.0
2023-09-30 21:00:00,7.6639,6.9822235,6.7003155,0.0,0.0
2023-09-30 22:00:00,6.8911,6.9233456,6.4883666,0.0,0.0
2023-09-30 23:00:00,6.9331,6.9713316,6.489191,0.0,0.0
2023-10-21 00:00:00,6.5877004,8.799252,8.236845,0.0,0.0
2023-10-21 01:00:00,6.93255,8.037036,7.9256077,0.0,0.0
2023-10-21 02:00:00,6.9694,7.3695216,7.5093527,0.0,0.0
2023-10-21 03:00:00,5.62045,6.916777,7.3745255,0.0,0.0
2023-10-21 04:00:00,6.903,6.660776,6.7635446,0.0,0.0
2023-10-21 05:00:00,6.9329,6.6421003,6.2565866,0.0,0.0
2023-10-21 06:00:00,6.8645,6.521185,6.188257,0.0,0.0
2023-10-21 07:00:00,5.2874,6.5477734,6.2910576,0.2579487,0.9135805
2023-10-21 08:00:00,6.9848,6.755739,6.2212553,7.911475,7.6890497
2023-10-21 09:00:00,6.4992003,6.9654865,6.607693,25.792974,24.034328
2023-10-21 10:00:00,6.8522334,7.0098004,6.357524,35.289375,34.466473
2023-10-21 11:00:00,6.3163,7.2596526,6.3200097,39.642826,38.157814
2023-10-21 12:00:00,5.9777,7.9419193,6.371971,41.320522,39.507336
2023-10-21 13:00:00,6.8284,8.584425,6.728076,41.790478,38.884422
2023-10-21 14:00:00,5.90145,9.018237,6.3572245,38.564674,28.894789
2023-10-21 15:00:00,5.9663997,9.6166525,6.6841702,26.89835,25.327084
2023-10-21 16:00:00,6.6732,9.850481,6.823393,18.174776,9.727785
2023-10-21 17:00:00,7.38,9.934618,6.774104,3.0986753,2.598106
2023-10-21 18:00:00,6.400775,7.420928,6.389041,0.15967427,0.69499946
2023-10-21 19:00:00,4.9182,7.5821986,6.3607864,0.0,0.0
2023-10-21 20:00:00,6.982633,7.622251,6.212391,0.0,0.0
2023-10-21 21:00:00,9.802401,7.4657993,6.129435,0.0,0.0
2023-10-21 22:00:00,6.8679,7.4167237,6.018921,0.0,0.0
2023-10-21 23:00:00,4.901,6.9937725,6.005036,0.0,0.0
2023-10-22 00:00:00,6.9036,6.74609,5.880944,0.0,0.0
2023-10-22 01:00:00,6.7532,6.5802016,5.938562,0.0,0.0
2023-10-22 02:00:00,6.941475,6.6181974,5.8372884,0.0,0.0
2023-10-22 03:00:00,6.8897004,6.669026,5.997391,0.0,0.0
2023-10-22 04:00:00,7.1614,6.819059,5.9149013,0.0,0.0
2023-10-22 05:00:00,6.785625,6.7907667,5.8639116,0.0,0.0
2023-10-22 06:00:00,6.8487,6.806274,5.940981,0.0,0.0
2023-10-22 07:00:00,6.5472,6.825554,5.848617,0.21072505,0.8750815
2023-10-22 08:00:00,6.678,6.9921045,6.052098,7.9870996,6.283447
2023-10-22 09:00:00,4.8802996,6.9891896,5.357071,26.652552,23.29702
2023-10-22 10:00:00,6.8455,6.9999547,5.856501,35.923874,33.687157
2023-10-22 11:00:00,6.6911497,7.3123035,6.109927,40.793926,37.37613
2023-10-22 12:00:00,6.6580496,7.4992805,6.260058,42.610626,38.37731
2023-10-22 13:00:00,6.8868,7.538474,6.11595,41.8069,38.748425
2023-10-22 14:00:00,4.9014,7.73267,6.118097,38.030174,35.8134
2023-10-22 15:00:00,6.7272334,7.8270593,6.6166058,30.086,23.331364
2023-10-22 16:00:00,6.6147003,7.9132876,6.6371617,18.22665,10.387748
2023-10-22 17:00:00,6.9498997,8.218874,6.0895057,4.924525,1.5664331
2023-10-22 18:00:00,6.3743253,7.0596642,6.793453,0.16357563,0.7107788
2023-10-22 19:00:00,6.7380333,7.36325,6.731692,0.0,0.0
2023-10-22 20:00:00,6.7712,7.6530027,6.8112783,0.0,0.0
2023-10-22 21:00:00,6.8043666,8.216412,7.4486217,0.0,0.0
2023-10-22 22:00:00,6.837533,8.2066765,7.4792585,0.0,0.0
2023-10-22 23:00:00,6.1222997,7.9736705,6.280513,0.0,0.0
2023-10-23 00:00:00,6.807,7.6580625,5.820938,0.0,0.0
2023-10-23 01:00:00,6.7237334,7.4928184,5.714326,0.0,0.0
2023-10-23 02:00:00,6.9867997,7.3760557,5.633247,0.0,0.0
2023-10-23 03:00:00,7.2498665,7.3756266,5.5859675,0.0,0.0
2023-10-23 04:00:00,6.7672253,7.340496,5.802817,0.0,0.0
2023-10-23 05:00:00,6.7388997,7.4679008,5.939083,0.0,0.0
2023-10-23 06:00:00,6.6953998,7.4540596,5.8397627,0.0,0.0
2023-10-23 07:00:00,6.9372997,7.4099603,5.9165154,0.34877488,0.83443207
2023-10-23 08:00:00,6.9736,7.135451,5.8531213,6.4593005,5.906449
2023-10-23 09:00:00,7.7925,6.803313,5.6986966,22.896275,23.02906
2023-10-23 10:00:00,10.1658,6.8385878,5.6079473,32.790897,33.0375
2023-10-23 11:00:00,7.9501,7.1815715,6.688822,37.432976,37.20107
2023-10-23 12:00:00,10.9361,7.531101,7.751371,38.394024,38.259026
2023-10-23 13:00:00,12.61705,7.986998,9.04177,37.893726,35.73242
2023-10-23 14:00:00,12.5856,8.08883,9.579046,33.773624,30.887234
2023-10-23 15:00:00,10.434099,8.077774,10.057014,26.521776,19.413687
2023-10-23 16:00:00,13.717,8.341396,10.318514,17.335026,10.095807
2023-10-23 17:00:00,11.452,11.287565,10.493143,4.88485,2.2659273
2023-10-23 18:00:00,12.287233,11.249993,10.414664,0.07130025,0.7115512
2023-10-23 19:00:00,12.69865,11.139837,10.14358,0.0,0.0
2023-10-23 20:00:00,11.2428665,10.90838,9.995286,0.0,0.0
2023-10-23 21:00:00,10.65295,10.273646,9.055018,0.0,0.0
2023-10-23 22:00:00,8.305567,9.634334,8.409895,0.0,0.0
2023-10-23 23:00:00,7.1298275,8.750934,8.042977,0.0,0.0
2023-10-24 00:00:00,10.9318495,8.044883,7.3847017,0.0,0.0
2023-10-24 01:00:00,10.66895,7.3864484,6.7428584,0.0,0.0
2023-10-24 02:00:00,10.40605,7.133256,6.622476,0.0,0.0
2023-10-24 03:00:00,9.225776,7.206341,6.9694943,0.0,0.0
2023-10-24 04:00:00,7.7417336,7.399601,7.2551966,0.0,0.0
2023-10-24 05:00:00,7.7642,7.540139,6.9501185,0.0,0.0
2023-10-24 06:00:00,8.0773,7.761319,7.2003756,0.0,0.0
2023-10-24 07:00:00,6.8845334,7.786778,7.3269515,0.27152488,1.3295552
2023-10-24 08:00:00,9.5468,8.007622,7.4658647,6.7748003,5.6930895
2023-10-24 09:00:00,10.693951,8.500581,8.067026,25.22925,22.852068
2023-10-24 10:00:00,10.9893,9.231793,8.608024,34.659775,35.43225
2023-10-24 11:00:00,12.044,9.967705,8.678216,39.7184,38.54941
2023-10-24 12:00:00,9.855901,10.844491,9.756146,40.90225,39.176003
2023-10-24 13:00:00,12.621901,11.401941,10.192511,41.4485,38.965492
2023-10-24 14:00:00,11.586866,11.463695,10.952381,38.066273,35.67056
2023-10-24 15:00:00,10.065667,11.453681,10.077334,31.194675,28.11997
2023-10-24 16:00:00,11.2939005,12.807918,12.211242,19.646801,12.432063
2023-10-24 17:00:00,12.0953,12.994991,12.273831,5.7095757,2.2546139
2023-10-24 18:00:00,11.479875,12.785268,12.271979,0.038449664,0.6929555
2023-10-24 19:00:00,8.0353,12.511289,12.171122,0.0,0.0
2023-10-24 20:00:00,11.52355,11.9349785,11.642378,0.0,0.0
2023-10-24 21:00:00,11.3118,11.364161,10.901392,0.0,0.0
2023-10-24 22:00:00,11.42995,10.510238,10.528724,0.0,0.0
2023-10-24 23:00:00,10.1341,9.855838,9.439279,0.0,0.0
2023-10-25 00:00:00,8.83825,9.60683,9.721037,0.0,0.0
2023-10-25 01:00:00,9.0856,9.529631,9.502354,0.0,0.0
2023-10-25 02:00:00,9.0359,9.4453335,9.20651,0.0,0.0
2023-10-25 03:00:00,7.8971,9.323354,9.34659,0.0,0.0
2023-10-25 04:00:00,6.9244504,8.998262,8.700818,0.0,0.0
2023-10-25 05:00:00,6.7938,8.817617,8.302571,0.0,0.0
2023-10-25 06:00:00,6.101817,8.701028,8.321928,0.0,0.0
2023-10-25 07:00:00,6.9912996,8.757879,8.585143,0.21805122,1.0354917
2023-10-25 08:00:00,6.936533,9.121032,9.101857,5.3805757,5.5660257
2023-10-25 09:00:00,6.94725,9.584657,9.934206,22.6995,23.075714
2023-10-25 10:00:00,11.61445,10.095462,10.904391,33.137226,33.74722
2023-10-25 11:00:00,10.5738,10.490668,11.628453,38.85705,37.607037
2023-10-25 12:00:00,11.073,10.43252,12.002987,36.17915,38.01844
2023-10-25 13:00:00,10.545633,10.362091,11.843576,37.79865,37.88022
2023-10-25 14:00:00,10.863833,10.301524,11.569888,36.122475,33.67855
2023-10-25 15:00:00,11.1158,10.686893,11.692738,28.897474,23.697828
2023-10-25 16:00:00,11.814125,11.190019,12.102794,17.286724,13.421583
2023-10-25 17:00:00,12.51245,11.297931,12.6185055,4.2363005,2.4233248
2023-10-25 18:00:00,11.08595,11.280377,12.402049,0.029824667,0.68636566
2023-10-25 19:00:00,11.5966,10.992986,11.892862,0.0,0.0
2023-10-25 20:00:00,11.003134,10.732504,11.349072,0.0,0.0
2023-10-25 21:00:00,11.096701,10.205617,11.374077,0.0,0.0
2023-10-25 22:00:00,11.0009,9.341322,10.109484,0.0,0.0
2023-10-25 23:00:00,9.52885,8.653473,9.10135,0.0,0.0
2023-10-26 00:00:00,9.167434,8.429906,9.067956,0.0,0.0
2023-10-26 01:00:00,9.0688,8.253895,9.425242,0.0,0.0
2023-10-26 02:00:00,6.5767,8.250302,8.864551,0.0,0.0
2023-10-26 03:00:00,8.7192,8.079107,8.114166,0.0,0.0
2023-10-26 04:00:00,7.2004,7.623528,7.816846,0.0,0.0
2023-10-26 05:00:00,7.0206003,7.3199496,7.5312815,0.0,0.0
2023-10-26 06:00:00,6.91605,7.287937,7.0102797,0.0,0.0
2023-10-26 07:00:00,5.8508,7.476643,7.1511908,0.26760006,0.7870336
2023-10-26 08:00:00,6.8838,7.7407894,7.42002,5.1955504,3.7724926
2023-10-26 09:00:00,6.8089,8.291986,7.9963593,22.439,18.291368
2023-10-26 10:00:00,6.7977004,9.236296,9.726261,32.878353,28.965832
2023-10-26 11:00:00,12.7365,9.803786,10.548546,37.923573,34.80218
2023-10-26 12:00:00,12.16405,10.104241,10.666041,40.22355,32.675377
2023-10-26 13:00:00,11.591599,10.332115,10.85766,38.597675,35.12257
2023-10-26 14:00:00,10.3204,12.586458,11.761777,33.981377,31.039558
2023-10-26 15:00:00,9.4722,12.903404,11.4783,26.3055,18.15334
2023-10-26 16:00:00,8.624,13.273054,11.908245,14.968525,8.866893
2023-10-26 17:00:00,10.0841,13.706456,11.996374,3.5072749,2.0206256
2023-10-26 18:00:00,9.983951,13.807224,12.033145,0.030874472,0.6846342
2023-10-26 19:00:00,2.5764334,13.68267,12.126773,0.0,0.0
2023-10-26 20:00:00,9.9924,13.349217,12.16838,0.0,0.0
2023-10-26 21:00:00,7.196,12.677897,11.681651,0.0,0.0
2023-10-26 22:00:00,10.31565,11.622296,10.36344,0.0,0.0
2023-10-26 23:00:00,9.573067,10.578612,9.50403,0.0,0.0
2023-10-27 00:00:00,9.24395,9.750418,9.148449,0.0,0.0
2023-10-27 01:00:00,9.1134,9.415891,8.811917,0.0,0.0
2023-10-27 02:00:00,7.8983502,9.25594,8.725677,0.0,0.0
2023-10-27 03:00:00,6.9555497,8.938648,8.488673,0.0,0.0
2023-10-27 04:00:00,6.9042997,8.42592,8.200927,0.0,0.0
2023-10-27 05:00:00,6.794467,8.0654335,7.7943854,0.0,0.0
2023-10-27 06:00:00,6.8984,7.9414725,7.5003576,0.0,0.0
2023-10-27 07:00:00,6.7598,7.886005,7.4919205,0.2948989,1.0403277
2023-10-27 08:00:00,6.8057003,8.12465,7.134528,4.2183256,3.8557885
2023-10-27 09:00:00,6.8516,8.757192,7.5743837,20.6814,19.29185
2023-10-27 10:00:00,6.6334667,9.632605,9.079634,31.632425,31.264893
2023-10-27 11:00:00,7.497925,10.533178,10.603223,37.3162,35.976944
2023-10-27 12:00:00,4.9406,11.282649,11.231463,39.5033,37.750744
2023-10-27 13:00:00,10.0601,8.0955715,7.4332533,38.621273,36.67597
2023-10-27 14:00:00,10.0677,8.004266,7.3490114,34.469273,31.039907
2023-10-27 15:00:00,9.7261,7.91355,7.5341883,26.70995,18.02232
2023-10-27 16:00:00,10.4895,8.1446,7.71325,14.837725,9.444601
2023-10-27 17:00:00,10.164849,8.254176,8.19835,3.0960004,1.682937
2023-10-27 18:00:00,10.312401,8.202854,7.9327364,0.0,0.0
2023-10-27 19:00:00,7.2532,8.212197,7.9527664,0.0,0.0
2023-10-27 20:00:00,7.1786003,8.472371,7.7804995,0.0,0.0
2023-10-27 21:00:00,10.313533,8.54857,7.3493266,0.0,0.0
2023-10-27 22:00:00,8.193587,8.487699,7.2107887,0.0,0.0
2023-10-27 23:00:00,10.50095,8.27044,7.421193,0.0,0.0
2023-10-28 00:00:00,9.821434,8.166393,7.2750373,0.0,0.0
2023-10-28 01:00:00,8.552767,8.144994,7.1744,0.0,0.0
2023-10-28 02:00:00,7.2841,8.147729,7.2541184,0.0,0.0
2023-10-28 03:00:00,7.00145,7.966001,6.7226324,0.0,0.0
2023-10-28 04:00:00,6.913567,7.600277,6.7219753,0.0,0.0
2023-10-28 05:00:00,7.5999,7.393935,6.7015433,0.0,0.0
2023-10-28 06:00:00,6.97325,7.3609614,6.4290032,0.0,0.0
2023-10-28 07:00:00,6.86,7.3807807,5.2378664,0.17610005,1.3862085
2023-10-28 08:00:00,6.8083,7.466258,5.772042,4.6650505,3.3686588
2023-10-28 09:00:00,6.853367,7.501674,6.8764806,23.262224,19.32225
2023-10-28 10:00:00,6.83725,7.783245,7.3456836,34.152103,34.31252
2023-10-28 11:00:00,6.821133,8.244477,7.667635,39.101948,38.075726
2023-10-28 12:00:00,6.7408667,7.936555,6.957355,40.674023,39.030006
2023-10-28 13:00:00,6.82385,8.56783,7.1897993,39.700226,38.188213
2023-10-28 14:00:00,7.0751,9.087535,7.436884,36.22785,33.01111
2023-10-28 15:00:00,6.9203997,9.474663,7.931373,29.230099,22.146479
2023-10-28 16:00:00,6.8366003,9.813509,8.941504,17.615599,12.587103
2023-10-28 17:00:00,7.0975,9.974351,9.614952,3.7959752,1.5371841
2023-10-28 18:00:00,4.9593997,9.899984,9.210559,0.0,0.0
2023-10-28 19:00:00,5.5475,9.741229,8.776963,0.0,0.0
2023-10-28 20:00:00,6.2207665,9.885979,8.861478,0.0,0.0
2023-10-28 21:00:00,6.8940334,10.155738,9.336997,0.0,0.0
2023-10-28 22:00:00,6.7364,10.065427,9.101373,0.0,0.0
2023-10-28 23:00:00,6.75035,9.671432,9.453076,0.0,0.0
2023-10-29 00:00:00,6.649911,9.253283,9.072789,0.0,0.0
2023-10-29 01:00:00,6.7643,8.824282,8.220039,0.0,0.0
2023-10-29 02:00:00,6.7719502,8.344558,7.5664225,0.0,0.0
2023-10-29 03:00:00,6.8012004,7.9436364,7.1660423,0.0,0.0
2023-10-29 04:00:00,6.765567,7.6223426,6.420568,0.0,0.0
2023-10-29 05:00:00,6.7402997,7.476316,6.322084,0.0,0.0
2023-10-29 06:00:00,4.9452,7.5960407,6.358685,0.0,0.0
2023-10-29 07:00:00,4.9403,7.910994,6.2981515,0.06657467,1.359021
2023-10-29 08:00:00,6.91986,7.9062014,6.317225,4.351425,3.5025883
2023-10-29 09:00:00,8.89942,7.8012233,6.4664006,22.882675,21.321568
2023-10-29 10:00:00,6.38766,7.878906,7.260888,33.92625,34.856094
2023-10-29 11:00:00,5.85815,7.9667873,7.098371,39.521873,38.25859
2023-10-29 12:00:00,5.85815,7.9039345,7.418917,41.571022,38.966927
2023-10-29 13:00:00,7.0006,7.947043,7.3749013,40.756977,38.112774
2023-10-29 14:00:00,6.8739,8.033105,7.5149555,37.568073,34.074554
2023-10-29 15:00:00,6.7472,7.9119186,7.176213,30.149176,25.672531
2023-10-29 16:00:00,7.07635,7.89462,6.9327173,18.66325,14.019887
2023-10-29 17:00:00,6.7867002,7.9863944,7.0221324,4.2705503,1.8165698
2023-10-29 18:00:00,6.0527997,7.7800937,6.607441,0.0,0.0
2023-10-29 19:00:00,4.9444,7.3695493,6.4868145,0.0,0.0
2023-10-29 20:00:00,5.8882003,7.220351,6.310096,0.0,0.0
2023-10-29 21:00:00,6.7123,7.121085,6.2792034,0.0,0.0
2023-10-29 22:00:00,6.919,7.05685,5.947498,0.0,0.0
2023-10-29 23:00:00,6.302675,7.123223,6.3473015,0.0,0.0
2023-10-30 00:00:00,6.658567,7.1780686,6.419639,0.0,0.0
2023-10-30 01:00:00,6.725,6.983406,6.188277,0.0,0.0
2023-10-30 02:00:00,6.7914333,6.7834425,6.3427653,0.0,0.0
2023-10-30 03:00:00,6.8002996,6.7212152,6.2235765,0.0,0.0
2023-10-30 04:00:00,6.7686,6.657655,5.9931498,0.0,0.0
2023-10-30 05:00:00,6.6657333,6.6500254,5.8469353,0.0,0.0
2023-10-30 06:00:00,6.6571,6.924655,5.625616,0.0,0.0
2023-10-30 07:00:00,6.64125,7.280345,5.9013205,0.06907467,0.93064106
2023-10-30 08:00:00,6.753875,7.5723305,5.8905897,3.2361498,3.609559
2023-10-30 09:00:00,6.78085,8.038032,6.2441616,23.097475,19.971895
2023-10-30 10:00:00,6.6457,7.1351094,5.6455355,34.9296,34.742027
2023-10-30 11:00:00,7.087,7.5011773,5.8969607,39.723324,38.56835
2023-10-30 12:00:00,6.6133,7.678171,6.0302873,41.44175,39.485546
2023-10-30 13:00:00,6.79645,7.907788,6.0634713,40.2467,38.745316
2023-10-30 14:00:00,6.6361003,7.82846,6.290508,36.9961,34.648365
2023-10-30 15:00:00,6.59212,7.8297915,6.1768246,29.584875,26.14391
2023-10-30 16:00:00,6.47056,7.8620534,6.2660594,18.451025,14.378169
2023-10-30 17:00:00,10.639299,7.8729587,6.4941053,3.7148755,2.0362191
2023-10-30 18:00:00,7.7631,7.5551987,6.524731,0.0,0.0
2023-10-30 19:00:00,9.5275,7.4336586,6.193843,0.0,0.0
2023-10-30 20:00:00,9.5828,7.6688523,6.1790123,0.0,0.0
2023-10-30 21:00:00,9.6381,7.9397326,6.1866226,0.0,0.0
2023-10-30 22:00:00,9.6934,8.006314,6.213384,0.0,0.0
2023-10-30 23:00:00,7.6993,7.985463,6.499926,0.0,0.0
2023-10-31 00:00:00,7.48165,7.7513657,6.6478343,0.0,0.0
2023-10-31 01:00:00,7.264,7.581893,6.2536993,0.0,0.0
2023-10-31 02:00:00,7.04635,7.519323,6.2284026,0.0,0.0
2023-10-31 03:00:00,5.8178334,7.4964976,6.4604554,0.0,0.0
2023-10-31 04:00:00,5.2726,7.4159403,6.3494415,0.0,0.0
2023-10-31 05:00:00,7.004,7.5823693,5.9447613,0.0,0.0
2023-10-31 06:00:00,6.9074,7.643348,5.6518273,0.0,0.0
2023-10-31 07:00:00,6.9331,7.6234236,6.5411797,0.09400045,0.8710795
2023-10-31 08:00:00,6.9181,7.6393456,6.285065,3.909475,2.655812
2023-10-31 09:00:00,6.99075,6.9345565,7.0827875,22.26555,19.045874
2023-10-31 10:00:00,6.9857,6.9578433,6.901788,33.84845,33.4847
2023-10-31 11:00:00,6.9378,7.036274,7.329354,36.99405,37.152782
2023-10-31 12:00:00,6.929275,7.401238,7.759351,40.354103,38.259575
2023-10-31 13:00:00,6.9431,7.834439,8.236341,38.8615,37.342743
2023-10-31 14:00:00,6.912067,8.379077,8.305335,34.918427,33.419827
2023-10-31 15:00:00,6.9882,8.846442,9.063487,27.451275,24.65606
2023-10-31 16:00:00,7.0457,9.186974,9.42195,15.566424,13.876018
2023-10-31 17:00:00,7.158233,9.231041,9.703159,2.994225,1.7761401
2023-10-31 18:00:00,8.0477,9.080192,9.441682,0.0,0.0
2023-10-31 19:00:00,9.36045,8.940489,9.082795,0.0,0.0
2023-10-31 20:00:00,8.9819,9.072627,9.340096,0.0,0.0
2023-10-31 21:00:00,9.2955,9.207492,9.291469,0.0,0.0
2023-10-31 22:00:00,8.81635,9.262713,9.239943,0.0,0.0
2023-10-31 23:00:00,8.3372,9.045326,9.019529,0.0,0.0
2023-11-21 00:00:00,11.415299,8.03959,10.519462,0.0,0.0
2023-11-21 01:00:00,12.28335,7.7489166,9.385445,0.0,0.0
2023-11-21 02:00:00,10.4287,7.44061,8.275654,0.0,0.0
2023-11-21 03:00:00,9.196549,7.2264495,7.63152,0.0,0.0
2023-11-21 04:00:00,6.9426003,7.089785,7.5921335,0.0,0.0
2023-11-21 05:00:00,6.4946003,6.9015784,6.9824557,0.0,0.0
2023-11-21 06:00:00,6.5986,6.6492605,6.6399136,0.0,0.0
2023-11-21 07:00:00,6.4059,6.658926,6.5561028,0.0,0.0
2023-11-21 08:00:00,6.5735497,6.619347,6.4005237,0.66014886,4.0174565
2023-11-21 09:00:00,6.4371,6.5442348,6.700274,5.54955,7.5288033
2023-11-21 10:00:00,6.30065,6.7330837,6.3661094,18.3382,19.988356
2023-11-21 11:00:00,6.314075,8.759606,10.066158,12.1855,11.576386
2023-11-21 12:00:00,6.55835,9.90668,11.823792,4.64155,15.636208
2023-11-21 13:00:00,6.4046,10.757015,12.934797,5.589175,17.425955
2023-11-21 14:00:00,13.999599,11.424765,13.280778,8.494175,7.254027
2023-11-21 15:00:00,13.1598,12.0103035,13.929214,4.0461,4.3399906
2023-11-21 16:00:00,13.55435,12.69387,14.108514,3.9910004,1.5155826
2023-11-21 17:00:00,13.9489,13.423113,13.75912,0.22310005,0.6869516
2023-11-21 18:00:00,12.82025,13.85577,13.789829,0.0,0.0
2023-11-21 19:00:00,11.9237995,13.801381,13.890056,0.0,0.0
2023-11-21 20:00:00,11.18985,13.560522,13.993445,0.0,0.0
2023-11-21 21:00:00,10.559299,13.197079,13.244627,0.0,0.0
2023-11-21 22:00:00,10.453151,12.704247,12.85274,0.0,0.0
2023-11-21 23:00:00,10.347,11.88949,12.636436,0.0,0.0
2023-11-22 00:00:00,11.017,11.047906,11.712943,0.0,0.0
2023-11-22 01:00:00,10.673599,10.224562,9.848162,0.0,0.0
2023-11-22 02:00:00,8.685766,9.569717,8.923563,0.0,0.0
2023-11-22 03:00:00,6.697933,8.827571,8.850912,0.0,0.0
2023-11-22 04:00:00,6.5761,8.135816,8.381514,0.0,0.0
2023-11-22 05:00:00,6.4542665,7.4725485,8.516884,0.0,0.0
2023-11-22 06:00:00,6.62095,7.0678396,8.120767,0.0,0.0
2023-11-22 07:00:00,6.7876334,6.9067636,8.168674,0.0,0.0
2023-11-22 08:00:00,6.6309,6.8615565,8.128733,1.0338237,2.2212553
2023-11-22 09:00:00,6.4715,7.1418157,5.8679185,2.20515,3.25506
2023-11-22 10:00:00,6.3121,7.174882,6.67879,3.7658002,5.6161714
2023-11-22 11:00:00,6.43262,7.3124123,6.600199,3.86915,5.82156
2023-11-22 12:00:00,6.55314,7.536736,7.108356,1.9211001,2.8329058
2023-11-22 13:00:00,6.450933,8.06448,8.660827,4.632701,2.7856977
2023-11-22 14:00:00,6.316,8.780347,10.601668,3.115525,6.396097
2023-11-22 15:00:00,14.8942,9.339531,12.0987425,2.1295502,2.8685796
2023-11-22 16:00:00,13.4157,9.900812,12.879354,0.37145066,1.9011421
2023-11-22 17:00:00,11.937201,10.213117,12.815368,0.0,0.0
2023-11-22 18:00:00,13.167366,9.986123,12.939995,0.0,0.0
2023-11-22 19:00:00,12.364934,9.705906,12.278279,0.0,0.0
2023-11-22 20:00:00,12.1776,9.433136,11.891965,0.0,0.0
2023-11-22 21:00:00,11.990267,9.299253,11.842752,0.0,0.0
2023-11-22 22:00:00,11.738299,9.278214,11.58499,0.0,0.0
2023-11-22 23:00:00,11.8938,9.116573,10.404671,0.0,0.0
2023-11-23 00:00:00,11.4484005,8.926968,10.3579035,0.0,0.0
2023-11-23 01:00:00,8.458099,8.6112995,10.002738,0.0,0.0
2023-11-23 02:00:00,6.8679,7.960813,8.563903,0.0,0.0
2023-11-23 03:00:00,6.7587004,7.431332,6.7090783,0.0,0.0
2023-11-23 04:00:00,6.6495,7.159851,6.3938036,0.0,0.0
2023-11-23 05:00:00,6.6503997,6.922295,6.3316393,0.0,0.0
2023-11-23 06:00:00,6.5493503,7.049553,6.397494,0.0,0.0
2023-11-23 07:00:00,6.4483,7.22353,6.4463577,0.0,0.0
2023-11-23 08:00:00,6.4624,7.5757256,7.035637,0.026850058,1.7580454
2023-11-23 09:00:00,6.5657,7.2742496,7.067892,1.4175748,2.9928734
2023-11-23 10:00:00,6.470325,7.4502378,7.1168485,3.8187504,9.436486
2023-11-23 11:00:00,6.4006,7.649888,7.0963554,9.4486,12.996219
2023-11-23 12:00:00,6.40975,8.170354,7.457131,8.7513,6.736656
2023-11-23 13:00:00,6.366317,9.186445,8.317204,4.823475,18.93588
2023-11-23 14:00:00,6.4147997,10.395757,10.843551,8.86105,5.969426
2023-11-23 15:00:00,6.5804,11.747037,12.926605,8.71305,4.107064
2023-11-23 16:00:00,6.746,12.556719,13.378906,5.3978753,1.1262885
2023-11-23 17:00:00,12.1121,12.70283,13.376487,0.24980025,0.6828383
2023-11-23 18:00:00,11.9803,12.613108,13.181379,0.0,0.0
2023-11-23 19:00:00,11.600651,12.484389,12.833096,0.0,0.0
2023-11-23 20:00:00,11.8279,12.292064,12.51394,0.0,0.0
2023-11-23 21:00:00,10.01935,12.182317,12.018786,0.0,0.0
2023-11-23 22:00:00,9.1994,11.9953575,11.726282,0.0,0.0
2023-11-23 23:00:00,8.3142,11.848596,11.89036,0.0,0.0
2023-11-24 00:00:00,7.429,11.442387,11.189806,0.0,0.0
2023-11-24 01:00:00,7.1768503,10.496563,9.352659,0.0,0.0
2023-11-24 02:00:00,6.723567,9.3055,7.5931306,0.0,0.0
2023-11-24 03:00:00,6.5532002,8.358118,6.689562,0.0,0.0
2023-11-24 04:00:00,6.6071,7.6032095,6.4821568,0.0,0.0
2023-11-24 05:00:00,6.65755,7.3576074,6.191119,0.0,0.0
2023-11-24 06:00:00,6.405,7.30106,6.0220485,0.0,0.0
2023-11-24 07:00:00,4.8526,7.4925785,6.5822797,0.0,0.0
2023-11-24 08:00:00,6.6781,6.269578,6.2397413,0.42037547,3.3165522
2023-11-24 09:00:00,6.5045,6.439465,6.283855,3.2910748,13.421277
2023-11-24 10:00:00,6.5582666,6.7102675,6.4553914,24.373125,18.390886
2023-11-24 11:00:00,6.4645,7.011672,6.6604047,35.65955,21.804613
2023-11-24 12:00:00,6.55385,7.40942,6.6100435,38.579647,22.560732
2023-11-24 13:00:00,6.4887996,7.8949804,6.53296,31.141502,17.603962
2023-11-24 14:00:00,6.457033,8.795996,6.43356,33.267075,17.50134
2023-11-24 15:00:00,6.4252667,9.602173,6.9847894,24.6901,11.480621
2023-11-24 16:00:00,6.5900497,10.076256,6.89851,9.597,6.9244614
2023-11-24 17:00:00,6.5028,10.369554,7.620245,0.8166,0.72887933
2023-11-24 18:00:00,8.3266,10.533459,7.4318447,0.0,0.0
2023-11-24 19:00:00,8.9157,10.309538,6.9627457,0.0,0.0
2023-11-24 20:00:00,8.368401,10.023371,6.710924,0.0,0.0
2023-11-24 21:00:00,8.2355995,9.654321,6.8875213,0.0,0.0
2023-11-24 22:00:00,7.6995497,9.280805,6.8698263,0.0,0.0
2023-11-24 23:00:00,7.0727,8.885539,6.9080744,0.0,0.0
2023-11-25 00:00:00,6.44585,8.36927,7.048592,0.0,0.0
2023-11-25 01:00:00,6.487,7.9055357,6.9172173,0.0,0.0
2023-11-25 02:00:00,6.805,7.2702994,6.776327,0.0,0.0
2023-11-25 03:00:00,7.123,6.5728583,6.906433,0.0,0.0
2023-11-25 04:00:00,6.47935,6.1821656,6.898391,0.0,0.0
2023-11-25 05:00:00,6.654,5.9524035,6.712131,0.0,0.0
2023-11-25 06:00:00,7.7998,6.015174,6.385795,0.0,0.0
2023-11-25 07:00:00,6.4354,6.5959535,5.736122,0.0,0.0
2023-11-25 08:00:00,6.5516334,6.7697825,5.9065742,0.6248002,2.0123198
2023-11-25 09:00:00,6.3999,6.94951,5.8960686,5.573775,3.607019
2023-11-25 10:00:00,6.2481666,7.036257,6.151434,19.922375,13.449819
2023-11-25 11:00:00,6.096433,6.937744,6.351334,28.851051,30.88011
2023-11-25 12:00:00,5.99825,6.934953,5.999576,37.826103,29.225578
2023-11-25 13:00:00,6.5545,7.3187466,5.85955,31.4655,27.098377
2023-11-25 14:00:00,6.48425,7.9119368,6.0479207,28.497175,30.210241
2023-11-25 15:00:00,6.414,8.337101,6.1843786,20.766,13.22838
2023-11-25 16:00:00,6.3767996,8.687207,6.4640756,8.062799,6.0378327
2023-11-25 17:00:00,6.3957996,8.950427,6.49512,0.7128754,0.86183244
2023-11-25 18:00:00,6.5063,8.966325,6.589567,0.0,0.0
2023-11-25 19:00:00,7.5382004,8.911475,6.687255,0.0,0.0
2023-11-25 20:00:00,7.7439,8.799044,6.827103,0.0,0.0
2023-11-25 21:00:00,7.5596,8.538917,6.7617826,0.0,0.0
2023-11-25 22:00:00,7.3753,8.368288,6.423103,0.0,0.0
2023-11-25 23:00:00,7.5789,8.228744,6.492977,0.0,0.0
2023-11-26 00:00:00,6.8575497,8.147032,6.394655,0.0,0.0
2023-11-26 01:00:00,6.32855,7.8003774,6.646842,0.0,0.0
2023-11-26 02:00:00,6.2363,7.253854,6.316257,0.0,0.0
2023-11-26 03:00:00,6.3716497,6.851053,6.102685,0.0,0.0
2023-11-26 04:00:00,6.3227,6.6854663,6.4786468,0.0,0.0
2023-11-26 05:00:00,6.27375,6.703797,5.9112935,0.0,0.0
2023-11-26 06:00:00,6.31565,6.5168686,5.83659,0.0,0.0
2023-11-26 07:00:00,6.3313503,6.4593616,5.872205,0.0,0.0
2023-11-26 08:00:00,6.3932996,6.3511906,5.8328724,0.04387447,1.5262612
2023-11-26 09:00:00,6.2861,6.308067,5.613712,0.22352485,3.1674078
2023-11-26 10:00:00,6.299267,6.055912,5.912252,2.4053247,6.92236
2023-11-26 11:00:00,6.3124332,6.075055,6.0857363,6.6726007,10.948114
2023-11-26 12:00:00,6.3922997,6.291171,5.9137306,7.85005,8.404019
2023-11-26 13:00:00,6.4721665,6.5759606,6.9611454,3.7531998,7.9336147
2023-11-26 14:00:00,6.3078,6.9188604,7.834822,3.6249254,9.136809
2023-11-26 15:00:00,6.5139,7.4503613,8.589878,1.1123247,10.832246
2023-11-26 16:00:00,6.482533,7.7262526,8.589223,0.32485005,4.9983587
2023-11-26 17:00:00,6.4986,7.9648924,9.150098,0.0,0.0
2023-11-26 18:00:00,6.514667,8.218557,9.444654,0.0,0.0
2023-11-26 19:00:00,6.395933,8.439046,9.615005,0.0,0.0
2023-11-26 20:00:00,6.2772,8.398679,9.553581,0.0,0.0
2023-11-26 21:00:00,6.3092003,8.332952,10.168922,0.0,0.0
2023-11-26 22:00:00,6.3105,8.276004,9.886589,0.0,0.0
2023-11-26 23:00:00,6.2584,8.181852,9.951532,0.0,0.0
2023-11-27 00:00:00,6.2063,7.8096232,8.969546,0.0,0.0
2023-11-27 01:00:00,6.3382998,7.389461,8.288843,0.0,0.0
2023-11-27 02:00:00,6.4702997,6.9877367,7.5359488,0.0,0.0
2023-11-27 03:00:00,6.6022997,6.5972147,7.0366626,0.0,0.0
2023-11-27 04:00:00,6.25146,6.460453,6.032832,0.0,0.0
2023-11-27 05:00:00,5.90062,6.695844,5.3659353,0.0,0.0
2023-11-27 06:00:00,6.1796002,6.7583647,5.6364574,0.0,0.0
2023-11-27 07:00:00,6.505033,6.680757,5.6513433,0.0,0.0
2023-11-27 08:00:00,6.243433,6.8225956,5.433016,0.0,0.0
2023-11-27 09:00:00,5.9818335,6.721502,5.5601726,0.06852389,2.2744741
2023-11-27 10:00:00,6.478,6.8151183,6.354867,0.41337448,4.4949026
2023-11-27 11:00:00,6.23185,6.9341655,6.54594,1.5159488,4.483023
2023-11-27 12:00:00,6.2829504,6.9885707,6.633603,3.39865,9.74379
2023-11-27 13:00:00,6.3340497,6.903264,6.9219813,7.1107755,8.601076
2023-11-27 14:00:00,6.3514,6.9237275,6.959979,6.1095757,7.7558837
2023-11-27 15:00:00,6.302,6.904529,7.0532036,18.405025,2.2479527
2023-11-27 16:00:00,6.2858,7.1136727,7.5919394,2.3211997,1.0828921
2023-11-27 17:00:00,6.3048,7.3786354,7.794074,0.14799947,0.68275726
2023-11-27 18:00:00,9.108833,7.6324115,7.8760414,0.0,0.0
2023-11-27 19:00:00,9.108833,7.6604643,8.133048,0.0,0.0
2023-11-27 20:00:00,9.415151,7.594738,8.1736355,0.0,0.0
2023-11-27 21:00:00,9.721467,7.503901,7.890471,0.0,0.0
2023-11-27 22:00:00,9.979434,7.4038553,7.5578637,0.0,0.0
2023-11-27 23:00:00,10.2374,7.1886044,7.621258,0.0,0.0
2023-11-28 00:00:00,6.459,7.1210103,7.2220335,0.0,0.0
2023-11-28 01:00:00,6.3891497,7.075131,6.532027,0.0,0.0
2023-11-28 02:00:00,6.3375,7.017565,6.5817733,0.0,0.0
2023-11-28 03:00:00,6.4416003,6.853279,6.9787197,0.0,0.0
2023-11-28 04:00:00,6.5457,6.9550643,6.9713883,0.0,0.0
2023-11-28 05:00:00,6.4292665,6.859482,6.3978543,0.0,0.0
2023-11-28 06:00:00,6.5278997,6.355579,6.2509003,0.0,0.0
2023-11-28 07:00:00,6.5221,5.898461,6.0959916,0.0,0.0
2023-11-28 08:00:00,6.4017,5.374937,6.2160683,0.65504926,3.122527
2023-11-28 09:00:00,6.4861665,5.327644,6.1440096,2.9177506,12.101623
2023-11-28 10:00:00,6.4347997,5.485324,6.3016086,20.297676,15.970611
2023-11-28 11:00:00,6.4517665,5.8385067,6.5532026,34.7005,21.012981
2023-11-28 12:00:00,6.7338,6.249231,6.9694614,38.593525,21.30596
2023-11-28 13:00:00,6.608,6.834762,7.072273,38.5317,20.098019
2023-11-28 14:00:00,7.1316,7.228474,7.0876403,34.382698,14.2305765
2023-11-28 15:00:00,6.9718,7.539031,7.0868363,23.289099,13.381627
2023-11-28 16:00:00,9.550967,7.8120666,7.19207,7.0489254,1.7599965
2023-11-28 17:00:00,12.130134,8.25861,7.7291503,0.46324947,0.70844674
2023-11-28 18:00:00,10.967099,8.721188,8.240832,0.0,0.0
2023-11-28 19:00:00,10.967099,9.252561,8.658164,0.0,0.0
2023-11-28 20:00:00,12.84608,9.648905,8.606261,0.0,0.0
2023-11-28 21:00:00,9.959634,9.751099,8.561289,0.0,0.0
2023-11-28 22:00:00,12.1551,9.544442,8.575412,0.0,0.0
2023-11-28 23:00:00,14.350567,9.1816225,8.300116,0.0,0.0
2023-11-29 00:00:00,16.546034,8.573808,8.068989,0.0,0.0
2023-11-29 01:00:00,18.8947,7.93601,7.814782,0.0,0.0
2023-11-29 02:00:00,18.011301,7.6806617,7.5929313,0.0,0.0
2023-11-29 03:00:00,17.412,15.444576,9.782466,0.0,0.0
2023-11-29 04:00:00,19.0327,14.823355,9.968265,0.0,0.0
2023-11-29 05:00:00,8.7047,14.032868,9.818659,0.0,0.0
2023-11-29 06:00:00,8.7448,13.417163,9.168855,0.0,0.0
2023-11-29 07:00:00,9.016,12.743227,9.372242,0.0,0.0
2023-11-29 08:00:00,8.7109,12.328965,9.024331,0.45432466,1.1696587
2023-11-29 09:00:00,8.4058,11.877602,8.921655,4.5388756,2.3384652
2023-11-29 10:00:00,8.64635,11.188434,9.144121,7.937925,6.273384
2023-11-29 11:00:00,8.87435,10.283996,8.441118,8.210249,10.26211
2023-11-29 12:00:00,9.102349,9.343116,8.691074,9.1727,24.213871
2023-11-29 13:00:00,11.468,8.819129,8.229326,10.54745,16.780258
2023-11-29 14:00:00,13.833651,9.055899,8.483179,9.84605,15.862114
2023-11-29 15:00:00,13.2060995,9.621191,8.526068,11.806125,11.77
2023-11-29 16:00:00,13.48625,10.169051,8.863406,3.4710503,4.379532
2023-11-29 17:00:00,13.7664,10.674624,10.171711,0.31230125,0.77506196
2023-11-29 18:00:00,15.389151,11.176708,10.260261,0.0,0.0
2023-11-29 19:00:00,14.8865,11.654973,10.208612,0.0,0.0
2023-11-29 20:00:00,15.144174,12.047367,10.308547,0.0,0.0
2023-11-29 21:00:00,15.40185,12.45435,10.639273,0.0,0.0
2023-11-29 22:00:00,15.10915,13.08289,10.454641,0.0,0.0
2023-11-29 23:00:00,14.8199005,13.787814,11.007992,0.0,0.0
2023-11-30 00:00:00,14.6671,14.468727,10.766625,0.0,0.0
2023-11-30 01:00:00,14.5461,14.92326,10.459395,0.0,0.0
2023-11-30 02:00:00,14.425099,14.739828,14.656745,0.0,0.0
2023-11-30 03:00:00,14.5273,14.04354,13.966156,0.0,0.0
2023-11-30 04:00:00,14.6645,12.812765,13.454493,0.0,0.0
2023-11-30 05:00:00,14.5474,11.31472,12.001224,0.0,0.0
2023-11-30 06:00:00,14.4303,10.295059,11.098581,0.0,0.0
2023-11-30 07:00:00,8.3397,9.949135,10.577871,0.0,0.0
2023-11-30 08:00:00,8.32845,9.76884,11.086264,0.028524863,2.3402867
2023-11-30 09:00:00,8.317201,9.781946,10.385888,0.27330124,3.3132231
2023-11-30 10:00:00,8.699599,9.878947,9.60237,0.06537642,5.327807
2023-11-30 11:00:00,15.7137,9.882445,8.817956,0.29094967,4.9438276
2023-11-30 12:00:00,15.475,10.1976185,9.610396,0.21882564,4.332693
2023-11-30 13:00:00,15.6759,10.701979,10.836191,6.705025,4.5310755
2023-11-30 14:00:00,15.5115,11.222443,12.274558,4.01815,4.1189117
2023-11-30 15:00:00,15.347099,11.688044,12.999801,1.7731255,7.1178575
2023-11-30 16:00:00,15.13745,12.386653,12.844759,0.24774946,1.9297671
2023-11-30 17:00:00,14.927799,13.193009,14.327202,0.0,0.0
2023-11-30 18:00:00,13.9357,13.783388,14.673414,0.0,0.0
2023-11-30 19:00:00,13.501849,13.792886,14.886649,0.0,0.0
2023-11-30 20:00:00,14.6011,13.476772,14.8856735,0.0,0.0
2023-11-30 21:00:00,14.6368,13.081513,14.896333,0.0,0.0
2023-11-30 22:00:00,13.488299,12.579771,15.245832,0.0,0.0
2023-11-30 23:00:00,13.326934,12.339093,15.000419,0.0,0.0
2023-12-21 00:00:00,11.4758,5.657817,8.285857,0.0,0.0
2023-12-21 01:00:00,11.5151,5.5910063,8.558432,0.0,0.0
2023-12-21 02:00:00,9.3473,5.6198525,8.57116,0.0,0.0
2023-12-21 03:00:00,8.9785,5.723006,9.30226,0.0,0.0
2023-12-21 04:00:00,8.4567995,8.383375,7.8445745,0.0,0.0
2023-12-21 05:00:00,7.9351,7.967971,7.4888124,0.0,0.0
2023-12-21 06:00:00,8.311967,7.8302174,7.516222,0.0,0.0
2023-12-21 07:00:00,8.688833,7.952519,7.623462,0.21627486,1.0740699
2023-12-21 08:00:00,8.318833,8.032174,8.105183,1.4445004,1.7791675
2023-12-21 09:00:00,7.9488335,8.299787,8.119377,11.352474,12.111463
2023-12-21 10:00:00,8.1316,8.405466,8.50742,27.79885,28.70179
2023-12-21 11:00:00,8.238033,8.558025,8.651014,36.219326,34.6893
2023-12-21 12:00:00,8.220401,8.813759,8.362815,37.159897,35.3166
2023-12-21 13:00:00,8.2654,9.245616,8.791568,32.634125,32.037537
2023-12-21 14:00:00,8.3174,9.984021,10.049624,19.303276,16.641832
2023-12-21 15:00:00,11.2029,10.970189,10.830713,8.644151,6.623485
2023-12-21 16:00:00,11.2029,11.87305,11.945055,0.29062545,1.130395
2023-12-21 17:00:00,11.1134,12.614952,12.859212,0.0,0.0
2023-12-21 18:00:00,11.0239,13.020486,12.981361,0.0,0.0
2023-12-21 19:00:00,11.272533,13.290067,12.669589,0.0,0.0
2023-12-21 20:00:00,11.521167,13.502892,12.230269,0.0,0.0
2023-12-21 21:00:00,11.7698,13.615354,11.831365,0.0,0.0
2023-12-21 22:00:00,11.12975,13.679622,11.861662,0.0,0.0
2023-12-21 23:00:00,8.4375,13.732713,11.7533,0.0,0.0
2023-12-22 00:00:00,9.80675,13.617986,12.049413,0.0,0.0
2023-12-22 01:00:00,11.176,13.207507,11.577384,0.0,0.0
2023-12-22 02:00:00,10.8466,12.517024,11.030077,0.0,0.0
2023-12-22 03:00:00,9.0643,9.4987335,8.390525,0.0,0.0
2023-12-22 04:00:00,8.333651,8.838895,7.62602,0.0,0.0
2023-12-22 05:00:00,8.31405,8.291828,7.3222103,0.0,0.0
2023-12-22 06:00:00,8.31405,8.188188,7.73816,0.0,0.0
2023-12-22 07:00:00,7.7493,8.213991,6.792866,0.25692526,0.93624264
2023-12-22 08:00:00,7.7493,8.410573,6.8004727,2.3531,1.6363472
2023-12-22 09:00:00,8.57645,8.54977,7.43896,3.3233755,4.285819
2023-12-22 10:00:00,8.4156,8.640448,7.713366,7.1710005,8.586607
2023-12-22 11:00:00,8.25475,8.687832,7.850471,5.219425,9.382953
2023-12-22 12:00:00,8.0939,8.567186,7.395849,7.243049,9.447947
2023-12-22 13:00:00,8.220201,8.630576,7.816893,3.6614752,9.196916
2023-12-22 14:00:00,8.3465,9.079957,7.9222336,1.9394,6.2905354
2023-12-22 15:00:00,7.277933,9.635281,8.748291,2.2356498,3.8414772
2023-12-22 16:00:00,7.277933,10.075999,9.036691,0.09525045,1.0307496
2023-12-22 17:00:00,11.6333,10.13095,9.633226,0.0,0.0
2023-12-22 18:00:00,11.5343,10.039548,9.508791,0.0,0.0
2023-12-22 19:00:00,11.562901,9.8941,9.898944,0.0,0.0
2023-12-22 20:00:00,11.7386,9.70557,10.3701315,0.0,0.0
2023-12-22 21:00:00,11.82215,9.491297,9.981931,0.0,0.0
2023-12-22 22:00:00,11.324201,9.291076,9.108617,0.0,0.0
2023-12-22 23:00:00,10.08155,9.265264,8.845888,0.0,0.0
2023-12-23 00:00:00,8.838901,9.313547,8.972217,0.0,0.0
2023-12-23 01:00:00,8.698299,9.236931,9.106417,0.0,0.0
2023-12-23 02:00:00,8.5577,9.512718,8.649239,0.0,0.0
2023-12-23 03:00:00,8.841,9.007283,8.835129,0.0,0.0
2023-12-23 04:00:00,9.1243,8.20147,8.6533575,0.0,0.0
2023-12-23 05:00:00,8.31445,7.3781967,8.271231,0.0,0.0
2023-12-23 06:00:00,8.3569,6.7478395,7.8022146,0.0,0.0
2023-12-23 07:00:00,8.312,6.5946827,7.6280127,0.0,0.0
2023-12-23 08:00:00,8.267099,6.398657,7.208302,1.3153257,2.8229136
2023-12-23 09:00:00,8.2222,6.5177264,7.4339476,5.37305,3.9786792
2023-12-23 10:00:00,8.22126,6.824498,7.558619,25.675,16.30618
2023-12-23 11:00:00,8.220321,7.252688,7.437649,31.962925,17.457859
2023-12-23 12:00:00,8.241734,7.59828,7.5045047,15.8216505,9.775939
2023-12-23 13:00:00,8.263146,7.7956357,7.5079393,26.931625,18.030449
2023-12-23 14:00:00,8.25815,8.190858,8.348941,9.20995,14.776268
2023-12-23 15:00:00,8.253153,9.0813265,7.2072453,3.2970004,3.1899605
2023-12-23 16:00:00,8.08045,10.033355,7.473916,0.46802586,1.2923403
2023-12-23 17:00:00,8.26465,10.97123,8.034243,0.0,0.0
2023-12-23 18:00:00,8.44885,11.714236,7.796195,0.0,0.0
2023-12-23 19:00:00,9.7089,12.048112,7.8551583,0.0,0.0
2023-12-23 20:00:00,9.7107,12.112374,7.2723145,0.0,0.0
2023-12-23 21:00:00,9.7125,12.056526,7.58092,0.0,0.0
2023-12-23 22:00:00,9.658151,11.752941,7.641275,0.0,0.0
2023-12-23 23:00:00,6.7812004,11.388076,7.5629253,0.0,0.0
2023-12-24 00:00:00,6.7812004,11.131318,7.5900855,0.0,0.0
2023-12-24 01:00:00,9.170401,7.884405,8.311647,0.0,0.0
2023-12-24 02:00:00,8.327667,7.9899254,8.059534,0.0,0.0
2023-12-24 03:00:00,8.327667,7.8503203,7.6746206,0.0,0.0
2023-12-24 04:00:00,8.284849,7.7603483,7.3943715,0.0,0.0
2023-12-24 05:00:00,8.2655,7.431463,7.3233595,0.0,0.0
2023-12-24 06:00:00,8.24615,7.3636894,7.1745367,0.0,0.0
2023-12-24 07:00:00,8.24615,7.2214694,7.414076,0.04135103,1.0677886
2023-12-24 08:00:00,8.2745,7.119606,7.247049,0.80752385,2.888608
2023-12-24 09:00:00,8.2745,7.2901,7.4340987,2.5143247,4.544308
2023-12-24 10:00:00,8.199,7.754831,7.74747,12.0824,7.8490067
2023-12-24 11:00:00,8.32965,8.182497,7.8903933,22.707676,18.874664
2023-12-24 12:00:00,8.241401,8.404837,8.041009,9.3552,15.120467
2023-12-24 13:00:00,8.15315,8.363856,8.127602,9.40255,9.910912
2023-12-24 14:00:00,7.8361,8.467441,8.945757,9.628099,3.5474722
2023-12-24 15:00:00,8.213467,8.670579,9.93483,3.77015,3.2362494
2023-12-24 16:00:00,8.188833,8.922451,10.026614,0.54285,1.2843609
2023-12-24 17:00:00,8.1642,9.233405,10.381241,0.0,0.0
2023-12-24 18:00:00,8.3722,9.365935,10.711803,0.0,0.0
2023-12-24 19:00:00,8.192201,9.355544,11.234502,0.0,0.0
2023-12-24 20:00:00,8.2879,9.415701,11.391932,0.0,0.0
2023-12-24 21:00:00,8.1498995,9.264859,11.008739,0.0,0.0
2023-12-24 22:00:00,8.0119,8.759667,10.68932,0.0,0.0
2023-12-24 23:00:00,8.1868,8.237609,10.146253,0.0,0.0
2023-12-25 00:00:00,6.699,7.869711,7.6493444,0.0,0.0
2023-12-25 01:00:00,8.18775,8.151,8.275157,0.0,0.0
2023-12-25 02:00:00,8.198099,8.180927,7.8839817,0.0,0.0
2023-12-25 03:00:00,8.20845,8.227842,7.7557,0.0,0.0
2023-12-25 04:00:00,8.1844,8.067258,7.622473,0.0,0.0
2023-12-25 05:00:00,8.182967,8.049669,7.508954,0.0,0.0
2023-12-25 06:00:00,8.374901,8.001334,7.382418,0.0,0.0
2023-12-25 07:00:00,7.8284,7.9733257,7.498038,0.17410006,1.2021714
2023-12-25 08:00:00,7.8284,7.9383974,7.8864317,1.3778999,3.5959175
2023-12-25 09:00:00,7.8284,8.06153,7.7646513,9.165575,9.966851
2023-12-25 10:00:00,8.1366005,8.237342,7.8065395,26.5267,19.719728
2023-12-25 11:00:00,8.1366005,8.469728,7.808995,34.613102,27.56804
2023-12-25 12:00:00,8.27755,8.499345,7.987798,35.089626,20.147898
2023-12-25 13:00:00,8.27755,8.529551,8.338126,30.32785,20.652695
2023-12-25 14:00:00,8.208799,8.553644,8.545435,18.630474,18.500862
2023-12-25 15:00:00,8.223366,8.751449,9.411083,8.127325,7.485978
2023-12-25 16:00:00,8.2165,9.050472,10.244629,0.66087544,1.6647495
2023-12-25 17:00:00,8.209634,9.279696,10.754954,0.0,0.0
2023-12-25 18:00:00,8.1977005,9.385759,10.993302,0.0,0.0
2023-12-25 19:00:00,8.2048,9.538732,11.075893,0.0,0.0
2023-12-25 20:00:00,8.6178,9.6209345,11.146791,0.0,0.0
2023-12-25 21:00:00,8.40145,9.534953,10.795521,0.0,0.0
2023-12-25 22:00:00,8.185101,9.351384,10.427103,0.0,0.0
2023-12-25 23:00:00,8.3548,8.134069,8.511028,0.0,0.0
2023-12-26 00:00:00,8.201099,8.136265,8.433463,0.0,0.0
2023-12-26 01:00:00,8.0473995,8.351503,8.5927,0.0,0.0
2023-12-26 02:00:00,7.8937,8.526094,8.594803,0.0,0.0
2023-12-26 03:00:00,8.2168,8.425405,8.527494,0.0,0.0
2023-12-26 04:00:00,8.2351,8.39989,8.244633,0.0,0.0
2023-12-26 05:00:00,8.253401,8.2326,8.042143,0.0,0.0
2023-12-26 06:00:00,8.232433,8.109442,7.722385,0.0,0.0
2023-12-26 07:00:00,8.211467,7.976689,7.645301,0.14960103,1.0885327
2023-12-26 08:00:00,8.2542,7.9753075,7.677912,2.0185006,1.3533784
2023-12-26 09:00:00,8.296933,8.061207,7.8563876,12.77675,8.079896
2023-12-26 10:00:00,8.256599,8.329292,7.849377,27.5621,27.337074
2023-12-26 11:00:00,8.191,8.595939,8.01568,35.394478,34.296146
2023-12-26 12:00:00,8.2248,8.73546,8.0525875,36.423325,35.112747
2023-12-26 13:00:00,8.2676,8.531028,7.8500643,32.6562,32.05782
2023-12-26 14:00:00,8.27685,8.406201,7.9574265,20.54965,16.810783
2023-12-26 15:00:00,8.220901,8.464028,8.182354,9.1564245,7.54981
2023-12-26 16:00:00,8.207951,8.644525,8.643136,0.80460006,1.2475562
2023-12-26 17:00:00,8.195,8.870466,9.482806,0.0,0.0
2023-12-26 18:00:00,8.18205,9.15264,9.958841,0.0,0.0
2023-12-26 19:00:00,8.0959,9.331973,9.986363,0.0,0.0
2023-12-26 20:00:00,8.388,9.312885,10.010087,0.0,0.0
2023-12-26 21:00:00,9.3884,9.286107,10.432255,0.0,0.0
2023-12-26 22:00:00,10.3888,8.552942,8.194282,0.0,0.0
2023-12-26 23:00:00,9.874134,8.29195,8.230117,0.0,0.0
2023-12-27 00:00:00,8.12485,8.0927515,8.275582,0.0,0.0
2023-12-27 01:00:00,8.0885,8.172276,8.117316,0.0,0.0
2023-12-27 02:00:00,8.1256,8.162303,8.343499,0.0,0.0
2023-12-27 03:00:00,8.162701,8.298259,8.10323,0.0,0.0
2023-12-27 04:00:00,7.4247003,8.402175,7.9819384,0.0,0.0
2023-12-27 05:00:00,6.6949,8.434123,7.767355,0.0,0.0
2023-12-27 06:00:00,6.6986003,8.344395,7.7813435,0.0,0.0
2023-12-27 07:00:00,8.23775,8.286506,7.825677,0.11989986,1.0570103
2023-12-27 08:00:00,8.1539,8.227855,7.6874757,1.1705513,1.5624946
2023-12-27 09:00:00,8.1666,8.29214,7.6648827,9.65905,12.851264
2023-12-27 10:00:00,8.0791,8.480138,7.8241644,27.35205,28.46047
2023-12-27 11:00:00,7.9916,8.795645,8.112024,35.320927,30.902445
2023-12-27 12:00:00,8.1335,8.907796,7.9506764,34.8012,35.633762
2023-12-27 13:00:00,6.7163997,8.868588,8.031836,32.8419,33.264942
2023-12-27 14:00:00,6.7173,8.841385,8.103949,20.94255,18.332504
2023-12-27 15:00:00,6.7182,8.78771,8.100557,8.667825,8.811478
2023-12-27 16:00:00,8.076799,8.710811,8.089566,0.7560004,1.2542729
2023-12-27 17:00:00,8.1766,8.786566,8.120153,0.0,0.0
2023-12-27 18:00:00,8.216599,8.880528,8.353817,0.0,0.0
2023-12-27 19:00:00,8.8539505,8.9514885,8.779496,0.0,0.0
2023-12-27 20:00:00,9.4972,8.886441,8.324716,0.0,0.0
2023-12-27 21:00:00,10.1404505,9.040259,8.642129,0.0,0.0
2023-12-27 22:00:00,9.40015,9.047899,8.723955,0.0,0.0
2023-12-27 23:00:00,8.6265,8.774596,8.801579,0.0,0.0
2023-12-28 00:00:00,7.85285,8.6846695,8.738798,0.0,0.0
2023-12-28 01:00:00,8.159201,8.635355,8.692339,0.0,0.0
2023-12-28 02:00:00,8.465549,8.68111,8.824583,0.0,0.0
2023-12-28 03:00:00,8.2727,8.619797,8.512034,0.0,0.0
2023-12-28 04:00:00,8.07985,8.447807,8.344842,0.0,0.0
2023-12-28 05:00:00,8.07985,8.193468,8.14989,0.0,0.0
2023-12-28 06:00:00,8.10875,8.063971,8.069066,0.0,0.0
2023-12-28 07:00:00,8.179299,7.9589567,8.139854,0.15335006,0.99652
2023-12-28 08:00:00,8.249849,7.9209094,8.302552,1.2562749,1.175399
2023-12-28 09:00:00,8.1211,7.949226,8.292087,12.05355,8.594097
2023-12-28 10:00:00,8.240049,8.089828,7.9858336,27.754025,27.595978
2023-12-28 11:00:00,8.1153,8.199771,7.8288693,35.759975,35.65249
2023-12-28 12:00:00,8.264299,8.234095,7.819809,36.743576,34.318462
2023-12-28 13:00:00,8.1861,8.159664,7.7366705,32.566574,32.727474
2023-12-28 14:00:00,8.1079,8.080133,7.791868,20.20695,17.392557
2023-12-28 15:00:00,8.1265,8.092989,7.734757,7.97065,7.7094994
2023-12-28 16:00:00,8.1726,8.344231,8.220095,0.3080991,1.2035278
2023-12-28 17:00:00,8.2187,8.53021,8.390929,0.0,0.0
2023-12-28 18:00:00,8.564151,8.641614,8.478086,0.0,0.0
2023-12-28 19:00:00,8.909599,8.852387,8.68546,0.0,0.0
2023-12-28 20:00:00,8.721,9.014328,9.019463,0.0,0.0
2023-12-28 21:00:00,8.5324,9.147988,9.144091,0.0,0.0
2023-12-28 22:00:00,9.940701,9.001506,9.080526,0.0,0.0
2023-12-28 23:00:00,10.0817995,8.818862,8.977867,0.0,0.0
2023-12-29 00:00:00,10.08245,8.526168,8.881182,0.0,0.0
2023-12-29 01:00:00,10.7026,8.581036,9.038945,0.0,0.0
2023-12-29 02:00:00,11.32275,8.739772,9.149505,0.0,0.0
2023-12-29 03:00:00,8.272201,8.801168,9.057378,0.0,0.0
2023-12-29 04:00:00,8.1523,8.691118,8.6939335,0.0,0.0
2023-12-29 05:00:00,8.0324,8.65797,8.313943,0.0,0.0
2023-12-29 06:00:00,6.7287,8.625779,8.154464,0.0,0.0
2023-12-29 07:00:00,8.0925,8.656395,8.152317,0.25014985,1.0684321
2023-12-29 08:00:00,8.260099,8.663888,8.304525,2.2312505,1.7148921
2023-12-29 09:00:00,8.1514,8.688465,7.995173,10.817724,12.276679
2023-12-29 10:00:00,8.2351,8.721883,7.704175,25.367775,23.563705
2023-12-29 11:00:00,8.3188,8.871628,8.005531,31.331224,32.013702
2023-12-29 12:00:00,8.1053505,9.02321,8.383496,32.56005,33.012516
2023-12-29 13:00:00,7.9799,8.955827,8.243153,32.896324,32.73561
2023-12-29 14:00:00,8.1546,8.771249,7.972906,18.245125,17.434237
2023-12-29 15:00:00,8.183701,8.750766,7.8871975,6.49365,5.063311
2023-12-29 16:00:00,8.1898,8.773214,8.288827,0.75275046,1.1928033
2023-12-29 17:00:00,8.1959,8.803301,8.117526,0.0,0.0
2023-12-29 18:00:00,9.804,8.92151,7.9159207,0.0,0.0
2023-12-29 19:00:00,9.804,9.136961,8.933019,0.0,0.0
2023-12-29 20:00:00,9.804,9.34101,9.107914,0.0,0.0
2023-12-29 21:00:00,10.78358,9.416667,9.120031,0.0,0.0
2023-12-29 22:00:00,11.76316,9.504376,9.064136,0.0,0.0
2023-12-29 23:00:00,11.3453,9.36431,9.032366,0.0,0.0
2023-12-30 00:00:00,11.25005,9.308077,8.987956,0.0,0.0
2023-12-30 01:00:00,11.32915,9.345257,8.985747,0.0,0.0
2023-12-30 02:00:00,11.40825,9.309906,8.873879,0.0,0.0
2023-12-30 03:00:00,8.4386,9.04119,8.51844,0.0,0.0
2023-12-30 04:00:00,8.4386,8.829295,8.193554,0.0,0.0
2023-12-30 05:00:00,8.4386,8.610292,8.120915,0.0,0.0
2023-12-30 06:00:00,8.1832,8.494757,8.135148,0.0,0.0
2023-12-30 07:00:00,7.9277997,8.451471,8.051485,0.12934908,0.9378842
2023-12-30 08:00:00,8.1656,8.4119835,8.009599,1.0176996,4.6932936
2023-12-30 09:00:00,8.2283,8.288146,7.8930793,6.77625,9.595931
2023-12-30 10:00:00,8.291,8.246553,7.948386,19.796425,30.809982
2023-12-30 11:00:00,8.0813,8.292029,8.129433,25.999401,34.789608
2023-12-30 12:00:00,7.8716,8.324033,8.067329,27.409426,35.45759
2023-12-30 13:00:00,7.196367,8.235446,7.9542274,24.48115,32.714382
2023-12-30 14:00:00,8.13075,8.278257,7.737495,11.70685,10.681994
2023-12-30 15:00:00,8.13075,8.39418,7.840268,6.2523503,4.4079437
2023-12-30 16:00:00,8.4916,8.512383,7.979582,0.73342526,1.7438296
2023-12-30 17:00:00,8.85245,8.728607,8.000005,0.0,0.0
