Date,True,Pred
2023-01-21 07:00:00,0.04177486,0.9425082
2023-01-21 08:00:00,1.540525,2.3273296
2023-01-21 09:00:00,1.0801499,3.7799156
2023-01-21 10:00:00,3.617025,5.683521
2023-01-21 11:00:00,3.0629253,5.405559
2023-01-21 12:00:00,2.7226753,5.6465435
2023-01-21 13:00:00,6.93115,5.110242
2023-01-21 14:00:00,10.282849,4.164009
2023-01-21 15:00:00,4.4484253,2.9268649
2023-01-21 16:00:00,1.1215005,2.0185375
2023-01-22 07:00:00,0.10897506,1.3580991
2023-01-22 08:00:00,1.1711498,4.0272565
2023-01-22 09:00:00,11.782576,9.994299
2023-01-22 10:00:00,20.229324,20.758858
2023-01-22 11:00:00,23.130875,20.06205
2023-01-22 12:00:00,23.153824,20.875145
2023-01-22 13:00:00,21.84495,21.666239
2023-01-22 14:00:00,17.466,21.598816
2023-01-22 15:00:00,10.3203,15.592881
2023-01-22 16:00:00,2.8558755,4.5024137
2023-01-23 07:00:00,0.12177487,1.0489038
2023-01-23 08:00:00,1.1748247,4.676571
2023-01-23 09:00:00,11.793625,17.562162
2023-01-23 10:00:00,19.9802,24.61729
2023-01-23 11:00:00,22.727427,21.32179
2023-01-23 12:00:00,23.60885,21.684175
2023-01-23 13:00:00,22.125824,20.406961
2023-01-23 14:00:00,17.970625,16.684053
2023-01-23 15:00:00,10.718675,9.8146
2023-01-23 16:00:00,2.58135,3.227889
2023-01-23 17:00:00,0.03232564,0.683184
2023-01-24 07:00:00,0.14019966,0.940561
2023-01-24 08:00:00,1.2291744,1.5114565
2023-01-24 09:00:00,7.99175,4.212346
2023-01-24 10:00:00,6.5439253,5.7253704
2023-01-24 11:00:00,14.083224,5.941264
2023-01-24 12:00:00,11.145901,6.0685844
2023-01-24 13:00:00,8.252325,5.98593
2023-01-24 14:00:00,6.7317247,5.3824553
2023-01-24 15:00:00,1.3438989,3.7199917
2023-01-24 16:00:00,0.9330502,1.6985737
2023-01-24 17:00:00,0.031024862,0.6851352
2023-01-25 07:00:00,0.12657565,1.3216206
2023-01-25 08:00:00,1.3172749,4.8245554
2023-01-25 09:00:00,9.050325,16.548758
2023-01-25 10:00:00,14.081076,19.255802
2023-01-25 11:00:00,13.907724,22.95841
2023-01-25 12:00:00,23.78345,22.876328
2023-01-25 13:00:00,22.34125,22.25697
2023-01-25 14:00:00,18.299349,20.550306
2023-01-25 15:00:00,11.076125,13.138993
2023-01-25 16:00:00,2.7781,2.4339526
2023-01-25 17:00:00,0.03439986,0.6848754
2023-01-26 07:00:00,0.14389986,0.9582885
2023-01-26 08:00:00,1.5265503,1.9259233
2023-01-26 09:00:00,12.76975,5.760316
2023-01-26 10:00:00,20.325825,9.826974
2023-01-26 11:00:00,22.228949,15.327915
2023-01-26 12:00:00,22.68375,22.346214
2023-01-26 13:00:00,21.458052,20.378653
2023-01-26 14:00:00,17.7272,13.803055
2023-01-26 15:00:00,11.3599,9.354409
2023-01-26 16:00:00,2.7786753,1.7974029
2023-01-26 17:00:00,0.029899862,0.78706974
2023-01-27 07:00:00,0.16432466,1.1476411
2023-01-27 08:00:00,1.694899,3.432402
2023-01-27 09:00:00,12.4126,11.073169
2023-01-27 10:00:00,19.093374,15.353228
2023-01-27 11:00:00,19.86825,13.758448
2023-01-27 12:00:00,19.439573,14.3656845
2023-01-27 13:00:00,15.0394745,12.779952
2023-01-27 14:00:00,11.867875,11.375329
2023-01-27 15:00:00,11.585975,7.129197
2023-01-27 16:00:00,3.22815,2.5197172
2023-01-27 17:00:00,0.041626424,0.8793969
2023-01-28 07:00:00,0.19407369,1.1584536
2023-01-28 08:00:00,1.5810004,2.981144
2023-01-28 09:00:00,10.854151,5.8102584
2023-01-28 10:00:00,14.360875,8.398049
2023-01-28 11:00:00,18.32965,8.524001
2023-01-28 12:00:00,13.119474,6.434154
2023-01-28 13:00:00,16.8878,5.872653
2023-01-28 14:00:00,3.8056998,4.7106256
2023-01-28 15:00:00,1.17235,3.8681188
2023-01-28 16:00:00,1.1906753,3.1719449
2023-01-29 07:00:00,0.15772505,1.2259917
2023-01-29 08:00:00,1.5577495,3.1107514
2023-01-29 09:00:00,10.741651,5.32384
2023-01-29 10:00:00,12.13725,6.20257
2023-01-29 11:00:00,20.726126,7.3087893
2023-01-29 12:00:00,20.17535,8.605486
2023-01-29 13:00:00,11.64305,9.613114
2023-01-29 14:00:00,5.0062747,6.3648267
2023-01-29 15:00:00,3.1260502,4.3004518
2023-01-29 16:00:00,1.3188237,3.2028472
2023-01-29 17:00:00,0.066324666,0.9952153
2023-01-30 07:00:00,0.16747504,1.5725629
2023-01-30 08:00:00,2.7321997,4.888062
2023-01-30 09:00:00,14.301974,17.83696
2023-01-30 10:00:00,20.951448,20.868778
2023-01-30 11:00:00,23.039276,26.091959
2023-01-30 12:00:00,23.857552,26.094885
2023-01-30 13:00:00,22.370975,23.031988
2023-01-30 14:00:00,18.688475,19.720037
2023-01-30 15:00:00,7.5009995,17.842628
2023-01-30 16:00:00,0.84307367,2.8300953
2023-01-30 17:00:00,0.04062447,0.97051704
2023-01-31 07:00:00,0.16917525,0.97475433
2023-01-31 08:00:00,2.9583755,1.8033237
2023-01-31 09:00:00,14.031549,13.566586
2023-01-31 10:00:00,18.655176,16.076027
2023-01-31 11:00:00,7.9922004,5.994318
2023-01-31 12:00:00,2.492975,6.086972
2023-01-31 13:00:00,2.7267504,6.048316
2023-01-31 14:00:00,2.7810502,5.5407214
2023-01-31 15:00:00,2.0410748,3.3302953
2023-01-31 16:00:00,1.0302504,2.0569136
2023-01-31 17:00:00,0.10290084,0.88471234
2023-02-21 07:00:00,0.51412445,3.0650072
2023-02-21 08:00:00,8.620174,8.381652
2023-02-21 09:00:00,15.202849,19.274893
2023-02-21 10:00:00,7.245225,13.537214
2023-02-21 11:00:00,8.141825,15.07713
2023-02-21 12:00:00,8.773826,6.041356
2023-02-21 13:00:00,7.3679247,5.962392
2023-02-21 14:00:00,5.0993757,5.8167543
2023-02-21 15:00:00,1.4636,4.488522
2023-02-21 16:00:00,0.9948002,3.831896
2023-02-21 17:00:00,0.51605123,1.5170971
2023-02-22 07:00:00,0.22025044,0.9027495
2023-02-22 08:00:00,4.355975,6.1321754
2023-02-22 09:00:00,7.5536995,4.7436295
2023-02-22 10:00:00,5.0766754,6.111531
2023-02-22 11:00:00,3.8828754,7.293531
2023-02-22 12:00:00,4.941025,10.481523
2023-02-22 13:00:00,3.4066255,5.3921843
2023-02-22 14:00:00,3.1772504,11.834842
2023-02-22 15:00:00,2.3346996,3.0732875
2023-02-22 16:00:00,2.0055504,2.2231607
2023-02-22 17:00:00,0.84249943,1.3036792
2023-02-23 07:00:00,1.7233999,2.1074986
2023-02-23 08:00:00,12.1135,5.8973618
2023-02-23 09:00:00,19.257725,19.42806
2023-02-23 10:00:00,23.04865,22.421444
2023-02-23 11:00:00,25.148401,24.557117
2023-02-23 12:00:00,25.607275,25.47009
2023-02-23 13:00:00,24.471975,24.525177
2023-02-23 14:00:00,21.05225,23.591984
2023-02-23 15:00:00,15.1748,20.384354
2023-02-23 16:00:00,7.7219753,11.343311
2023-02-23 17:00:00,1.000725,2.5332515
2023-02-24 07:00:00,1.8112749,1.6651343
2023-02-24 08:00:00,12.770974,12.287421
2023-02-24 09:00:00,19.595,18.41835
2023-02-24 10:00:00,23.72875,23.013033
2023-02-24 11:00:00,25.623825,25.6297
2023-02-24 12:00:00,25.586025,26.374243
2023-02-24 13:00:00,24.135225,25.269981
2023-02-24 14:00:00,20.778675,21.346378
2023-02-24 15:00:00,14.9417,16.151833
2023-02-24 16:00:00,7.2222,6.056984
2023-02-24 17:00:00,0.94417423,1.178102
2023-02-25 07:00:00,2.3056753,1.1094536
2023-02-25 08:00:00,12.6892,11.089368
2023-02-25 09:00:00,18.963224,16.37051
2023-02-25 10:00:00,22.641474,20.726974
2023-02-25 11:00:00,24.673151,24.637344
2023-02-25 12:00:00,24.913124,25.258112
2023-02-25 13:00:00,24.151775,23.96952
2023-02-25 14:00:00,21.147823,19.326622
2023-02-25 15:00:00,15.741175,11.741316
2023-02-25 16:00:00,8.046624,7.086324
2023-02-25 17:00:00,1.0865248,1.2339517
2023-02-26 07:00:00,2.4293003,1.9320991
2023-02-26 08:00:00,9.669075,13.29299
2023-02-26 09:00:00,18.883026,17.759645
2023-02-26 10:00:00,16.138,16.893707
2023-02-26 11:00:00,22.2446,24.973368
2023-02-26 12:00:00,25.374199,23.080685
2023-02-26 13:00:00,6.5249753,7.2734995
2023-02-26 14:00:00,4.3382006,10.512588
2023-02-26 15:00:00,2.988525,4.932098
2023-02-26 16:00:00,2.2379751,3.080066
2023-02-26 17:00:00,0.08927486,0.8886225
2023-02-27 07:00:00,0.79219866,1.4344301
2023-02-27 08:00:00,2.8382504,4.037055
2023-02-27 09:00:00,10.444224,8.550514
2023-02-27 10:00:00,19.37925,19.99544
2023-02-27 11:00:00,18.108349,16.637342
2023-02-27 12:00:00,25.898575,27.694187
2023-02-27 13:00:00,24.69355,24.502348
2023-02-27 14:00:00,9.338675,14.496023
2023-02-27 15:00:00,13.986401,14.885928
2023-02-27 16:00:00,6.551475,3.7926478
2023-02-27 17:00:00,0.44927487,1.2607446
2023-02-28 07:00:00,2.534025,1.7429926
2023-02-28 08:00:00,9.716625,7.3895006
2023-02-28 09:00:00,19.026375,18.84284
2023-02-28 10:00:00,12.522375,10.346281
2023-02-28 11:00:00,10.865575,15.814159
2023-02-28 12:00:00,19.893,18.611843
2023-02-28 13:00:00,20.80705,22.992144
2023-02-28 14:00:00,10.40545,8.876793
2023-02-28 15:00:00,5.2870007,8.222906
2023-02-28 16:00:00,2.3636754,4.469396
2023-02-28 17:00:00,0.20887545,1.3597915
2023-03-21 06:00:00,0.83970064,0.9897289
2023-03-21 07:00:00,7.4840503,2.1695943
2023-03-21 08:00:00,15.137725,11.632151
2023-03-21 09:00:00,20.458574,23.313364
2023-03-21 10:00:00,24.20775,25.441
2023-03-21 11:00:00,14.131225,12.584225
2023-03-21 12:00:00,23.603775,25.845924
2023-03-21 13:00:00,19.2435,26.300413
2023-03-21 14:00:00,18.904474,25.334688
2023-03-21 15:00:00,15.56595,19.964518
2023-03-21 16:00:00,5.711475,8.462334
2023-03-21 17:00:00,1.8382505,1.5905766
2023-03-21 18:00:00,0.03655025,0.6752553
2023-03-22 06:00:00,0.71984905,1.1943794
2023-03-22 07:00:00,4.4969506,6.210653
2023-03-22 08:00:00,14.394424,15.511255
2023-03-22 09:00:00,20.069426,19.85586
2023-03-22 10:00:00,23.967926,23.84012
2023-03-22 11:00:00,26.6637,25.463215
2023-03-22 12:00:00,27.458376,22.647173
2023-03-22 13:00:00,25.480776,19.801813
2023-03-22 14:00:00,21.604849,19.270761
2023-03-22 15:00:00,15.7424,16.717525
2023-03-22 16:00:00,8.29965,7.0173893
2023-03-22 17:00:00,1.7788999,1.9029536
2023-03-22 18:00:00,0.03992525,0.77732563
2023-03-23 06:00:00,0.8611,1.2154497
2023-03-23 07:00:00,7.1559744,2.7954233
2023-03-23 08:00:00,14.651151,14.550637
2023-03-23 09:00:00,19.782875,18.765945
2023-03-23 10:00:00,23.411776,23.439396
2023-03-23 11:00:00,25.3336,26.012033
2023-03-23 12:00:00,25.469776,27.3162
2023-03-23 13:00:00,24.250725,25.708508
2023-03-23 14:00:00,20.396526,22.6222
2023-03-23 15:00:00,14.674775,16.585596
2023-03-23 16:00:00,8.14435,7.2240505
2023-03-23 17:00:00,1.9760249,1.1807876
2023-03-23 18:00:00,0.04364986,0.74137735
2023-03-24 06:00:00,0.9426254,1.1847154
2023-03-24 07:00:00,7.0513744,5.0542145
2023-03-24 08:00:00,14.6592245,14.169936
2023-03-24 09:00:00,19.830324,18.394062
2023-03-24 10:00:00,22.9149,22.99011
2023-03-24 11:00:00,24.677599,24.447311
2023-03-24 12:00:00,24.987,24.984407
2023-03-24 13:00:00,23.767551,24.578407
2023-03-24 14:00:00,20.7394,21.354902
2023-03-24 15:00:00,15.18275,16.060091
2023-03-24 16:00:00,8.345025,7.6547837
2023-03-24 17:00:00,1.8679497,1.5717543
2023-03-24 18:00:00,0.046726033,0.7921928
2023-03-25 06:00:00,1.0260005,1.384852
2023-03-25 07:00:00,7.829525,5.74981
2023-03-25 08:00:00,15.3177,15.450354
2023-03-25 09:00:00,20.59835,19.857845
2023-03-25 10:00:00,23.600975,22.757803
2023-03-25 11:00:00,25.15055,24.047276
2023-03-25 12:00:00,25.448524,24.425014
2023-03-25 13:00:00,23.722425,24.25054
2023-03-25 14:00:00,21.113,22.018366
2023-03-25 15:00:00,15.817966,16.798477
2023-03-25 16:00:00,8.634174,8.081649
2023-03-25 17:00:00,1.9102749,1.4733716
2023-03-25 18:00:00,0.06492525,0.8198422
2023-03-26 06:00:00,0.79380023,1.1094116
2023-03-26 07:00:00,7.22015,5.7089467
2023-03-26 08:00:00,15.071401,12.204294
2023-03-26 09:00:00,19.6783,18.760406
2023-03-26 10:00:00,19.9624,16.118856
2023-03-26 11:00:00,24.48205,23.949045
2023-03-26 12:00:00,21.55745,18.881052
2023-03-26 13:00:00,11.916975,14.131387
2023-03-26 14:00:00,10.021825,9.638624
2023-03-26 15:00:00,7.59015,10.715955
2023-03-26 16:00:00,4.6287007,4.467313
2023-03-26 17:00:00,1.1798755,1.4212173
2023-03-27 06:00:00,0.26082468,0.8649682
2023-03-27 07:00:00,1.1512994,2.4750845
2023-03-27 08:00:00,5.77865,11.224591
2023-03-27 09:00:00,12.609674,13.203663
2023-03-27 10:00:00,16.32225,16.241432
2023-03-27 11:00:00,17.029625,17.98479
2023-03-27 12:00:00,16.843624,16.491724
2023-03-27 13:00:00,8.441026,13.145707
2023-03-27 14:00:00,8.35515,14.510056
2023-03-27 15:00:00,4.7520757,2.904188
2023-03-27 16:00:00,1.3425004,2.0590415
2023-03-27 17:00:00,0.33869967,1.1867583
2023-03-28 06:00:00,0.060851034,0.7132866
2023-03-28 07:00:00,0.3984497,0.85852486
2023-03-28 08:00:00,2.6033003,2.448893
2023-03-28 09:00:00,2.7718246,4.7766256
2023-03-28 10:00:00,7.61985,8.298863
2023-03-28 11:00:00,15.0652,7.82204
2023-03-28 12:00:00,14.823475,14.238287
2023-03-28 13:00:00,10.1051,8.269582
2023-03-28 14:00:00,11.306125,7.765702
2023-03-28 15:00:00,8.736675,7.590602
2023-03-28 16:00:00,2.5937252,2.1987758
2023-03-28 17:00:00,0.8222504,0.7614262
2023-03-29 06:00:00,0.638975,0.66122895
2023-03-29 07:00:00,5.8793,1.2028471
2023-03-29 08:00:00,13.17435,4.7987185
2023-03-29 09:00:00,17.783676,13.516495
2023-03-29 10:00:00,21.7325,18.565582
2023-03-29 11:00:00,22.8503,22.872555
2023-03-29 12:00:00,23.995901,18.104168
2023-03-29 13:00:00,22.750051,21.319487
2023-03-29 14:00:00,19.6339,17.646854
2023-03-29 15:00:00,14.196475,13.560824
2023-03-29 16:00:00,7.0962996,4.665964
2023-03-29 17:00:00,2.1128004,1.1050327
2023-03-29 18:00:00,0.096200645,0.6771411
2023-03-30 06:00:00,0.18222603,0.82517135
2023-03-30 07:00:00,1.1440502,2.3593647
2023-03-30 08:00:00,3.5969498,2.9310493
2023-03-30 09:00:00,2.9205248,7.7234545
2023-03-30 10:00:00,4.47585,6.412777
2023-03-30 11:00:00,2.4210503,5.1225266
2023-03-30 12:00:00,12.201526,5.6217866
2023-03-30 13:00:00,6.6333256,5.655938
2023-03-30 14:00:00,1.9948246,4.973145
2023-03-30 15:00:00,3.2415502,3.9089673
2023-03-30 16:00:00,2.4621255,2.2716918
2023-03-30 17:00:00,1.2290004,1.2743081
2023-03-30 18:00:00,0.029375449,0.7026948
2023-03-31 06:00:00,0.030949667,0.7632514
2023-03-31 07:00:00,0.51942426,1.1151801
2023-03-31 08:00:00,3.39785,2.1651587
2023-03-31 09:00:00,7.4636245,2.3668706
2023-03-31 10:00:00,8.937025,3.004771
2023-03-31 11:00:00,4.5137506,1.662438
2023-03-31 12:00:00,7.9744005,4.8235326
2023-03-31 13:00:00,18.623775,14.925503
2023-03-31 14:00:00,13.446099,15.474779
2023-03-31 15:00:00,9.256776,6.0270667
2023-03-31 16:00:00,4.79255,1.8008462
2023-03-31 17:00:00,2.0161753,1.020478
2023-03-31 18:00:00,0.14785005,0.6711821
2023-04-21 05:00:00,0.08700143,0.7281821
2023-04-21 06:00:00,1.7130756,1.242062
2023-04-21 07:00:00,6.6540504,2.9000435
2023-04-21 08:00:00,12.422625,11.276097
2023-04-21 09:00:00,14.88105,9.566782
2023-04-21 10:00:00,10.57805,6.834785
2023-04-21 11:00:00,7.9019995,6.3363824
2023-04-21 12:00:00,6.853825,6.9224524
2023-04-21 13:00:00,4.1638756,6.5998206
2023-04-21 14:00:00,3.4436996,6.6314573
2023-04-21 15:00:00,2.6713755,4.488151
2023-04-21 16:00:00,1.7032007,2.7073178
2023-04-21 17:00:00,0.38839987,1.04248
2023-04-21 18:00:00,0.048575643,0.87514496
2023-04-22 05:00:00,0.19794966,0.6828481
2023-04-22 06:00:00,2.4503756,1.62827
2023-04-22 07:00:00,8.685451,6.5065913
2023-04-22 08:00:00,6.1454253,11.004457
2023-04-22 09:00:00,8.138525,21.061575
2023-04-22 10:00:00,21.746426,21.13363
2023-04-22 11:00:00,23.540026,23.210365
2023-04-22 12:00:00,24.3046,25.673336
2023-04-22 13:00:00,14.217175,19.09324
2023-04-22 14:00:00,6.185525,16.108349
2023-04-22 15:00:00,5.85535,17.921696
2023-04-22 16:00:00,1.8489751,4.0423403
2023-04-22 17:00:00,1.270775,1.8809537
2023-04-22 18:00:00,0.15307467,0.792852
2023-04-23 05:00:00,0.32275045,0.87626994
2023-04-23 06:00:00,1.4045748,3.9133344
2023-04-23 07:00:00,8.629,11.965753
2023-04-23 08:00:00,14.17575,19.129635
2023-04-23 09:00:00,20.954824,13.831878
2023-04-23 10:00:00,23.504927,20.767735
2023-04-23 11:00:00,24.96,21.635174
2023-04-23 12:00:00,24.946074,22.162436
2023-04-23 13:00:00,22.948875,22.17529
2023-04-23 14:00:00,20.02575,23.96445
2023-04-23 15:00:00,14.9117,21.164822
2023-04-23 16:00:00,8.01355,15.12507
2023-04-23 17:00:00,2.5033247,4.5836577
2023-04-23 18:00:00,0.40430027,0.91700435
2023-04-24 05:00:00,0.20672505,0.89660394
2023-04-24 06:00:00,2.3563755,1.2972739
2023-04-24 07:00:00,5.8745756,7.4439487
2023-04-24 08:00:00,14.72095,12.606081
2023-04-24 09:00:00,19.72015,20.054487
2023-04-24 10:00:00,20.1849,19.578604
2023-04-24 11:00:00,18.87025,21.05109
2023-04-24 12:00:00,19.820724,23.124214
2023-04-24 13:00:00,22.6251,19.335917
2023-04-24 14:00:00,20.299599,19.574291
2023-04-24 15:00:00,13.92745,11.362423
2023-04-24 16:00:00,8.775275,5.798608
2023-04-24 17:00:00,3.83935,1.6362661
2023-04-24 18:00:00,0.7805492,0.8387143
2023-04-25 05:00:00,0.15457466,1.1220766
2023-04-25 06:00:00,3.2025747,3.5504096
2023-04-25 07:00:00,10.6175995,6.4519544
2023-04-25 08:00:00,16.9598,15.693644
2023-04-25 09:00:00,21.312975,20.239965
2023-04-25 10:00:00,24.423676,22.570894
2023-04-25 11:00:00,26.016775,23.086302
2023-04-25 12:00:00,25.871151,22.732222
2023-04-25 13:00:00,24.486275,26.19358
2023-04-25 14:00:00,21.246475,24.966879
2023-04-25 15:00:00,15.420526,21.726412
2023-04-25 16:00:00,8.857924,14.648182
2023-04-25 17:00:00,2.2638004,10.388821
2023-04-25 18:00:00,0.24602583,1.8192211
2023-04-26 05:00:00,0.17985006,1.0838637
2023-04-26 06:00:00,3.348275,1.9539194
2023-04-26 07:00:00,10.69215,8.433888
2023-04-26 08:00:00,16.868626,16.723629
2023-04-26 09:00:00,21.080975,20.738115
2023-04-26 10:00:00,23.6858,22.603157
2023-04-26 11:00:00,24.6783,23.296648
2023-04-26 12:00:00,24.521975,23.294518
2023-04-26 13:00:00,23.805801,22.919163
2023-04-26 14:00:00,20.650175,21.624159
2023-04-26 15:00:00,15.198,17.000912
2023-04-26 16:00:00,8.757975,8.925177
2023-04-26 17:00:00,2.3271,2.6926284
2023-04-26 18:00:00,0.2603491,1.137729
2023-04-27 05:00:00,0.22092524,1.0844927
2023-04-27 06:00:00,3.4210503,1.9831967
2023-04-27 07:00:00,10.993575,8.443793
2023-04-27 08:00:00,17.055824,16.780405
2023-04-27 09:00:00,21.126427,20.428963
2023-04-27 10:00:00,23.829725,21.85813
2023-04-27 11:00:00,24.787176,22.0646
2023-04-27 12:00:00,24.4832,22.041782
2023-04-27 13:00:00,22.81735,22.244171
2023-04-27 14:00:00,19.969975,20.896162
2023-04-27 15:00:00,14.917,16.732038
2023-04-27 16:00:00,8.414175,8.299082
2023-04-27 17:00:00,2.3005004,2.6660445
2023-04-27 18:00:00,0.28862643,1.0110502
2023-04-28 05:00:00,0.25114986,0.9247436
2023-04-28 06:00:00,3.24465,1.8856938
2023-04-28 07:00:00,10.270125,8.2993145
2023-04-28 08:00:00,16.3995,16.14845
2023-04-28 09:00:00,21.332775,19.332113
2023-04-28 10:00:00,23.97265,19.471458
2023-04-28 11:00:00,26.273651,18.978077
2023-04-28 12:00:00,20.368074,17.884783
2023-04-28 13:00:00,24.412125,21.55856
2023-04-28 14:00:00,20.816126,19.697067
2023-04-28 15:00:00,10.01375,12.543865
2023-04-28 16:00:00,5.4464254,5.6459146
2023-04-28 17:00:00,3.275025,1.7470415
2023-04-28 18:00:00,0.60914886,0.65503365
2023-04-29 05:00:00,0.12762545,0.7368471
2023-04-29 06:00:00,1.6813755,1.491978
2023-04-29 07:00:00,5.0965004,5.0835533
2023-04-29 08:00:00,6.8517003,6.679626
2023-04-29 09:00:00,7.5811253,17.440062
2023-04-29 10:00:00,10.31095,11.359661
2023-04-29 11:00:00,11.7001505,13.803417
2023-04-29 12:00:00,16.109076,15.837186
2023-04-29 13:00:00,13.4836,13.576313
2023-04-29 14:00:00,10.744451,9.796482
2023-04-29 15:00:00,8.790225,10.349889
2023-04-29 16:00:00,5.5834255,5.0693254
2023-04-29 17:00:00,2.21165,2.1895034
2023-04-29 18:00:00,0.30405027,0.91917425
2023-04-30 05:00:00,0.40237644,0.75483537
2023-04-30 06:00:00,3.5311,1.8872026
2023-04-30 07:00:00,8.7125,7.4838257
2023-04-30 08:00:00,13.372951,14.778228
2023-04-30 09:00:00,17.053425,15.96601
2023-04-30 10:00:00,22.204876,19.70596
2023-04-30 11:00:00,24.1835,22.377653
2023-04-30 12:00:00,23.902275,20.559383
2023-04-30 13:00:00,23.45275,19.747295
2023-04-30 14:00:00,20.371698,19.305767
2023-04-30 15:00:00,14.0752,14.350146
2023-04-30 16:00:00,8.595975,10.413038
2023-04-30 17:00:00,2.84815,2.7551177
2023-04-30 18:00:00,0.74497503,0.8537504
2023-05-21 05:00:00,0.52194965,1.1043003
2023-05-21 06:00:00,3.8860748,2.6637964
2023-05-21 07:00:00,10.710875,9.650689
2023-05-21 08:00:00,16.619125,16.276031
2023-05-21 09:00:00,20.74575,19.348806
2023-05-21 10:00:00,23.498074,20.952972
2023-05-21 11:00:00,24.219324,0.0
2023-05-21 12:00:00,23.9746,0.0
2023-05-21 13:00:00,22.63915,20.795189
2023-05-21 14:00:00,19.420849,19.380215
2023-05-21 15:00:00,14.646775,15.73464
2023-05-21 16:00:00,8.418575,8.593776
2023-05-21 17:00:00,2.56315,3.1832182
2023-05-21 18:00:00,0.5803745,0.9499858
2023-05-22 05:00:00,0.6163256,1.0082407
2023-05-22 06:00:00,3.7709,2.4146743
2023-05-22 07:00:00,10.205925,9.003204
2023-05-22 08:00:00,16.397926,16.12915
2023-05-22 09:00:00,20.616474,19.615992
2023-05-22 10:00:00,22.960926,21.334862
2023-05-22 11:00:00,11.9759245,21.423746
2023-05-22 12:00:00,18.20525,21.443077
2023-05-22 13:00:00,24.4249,21.289385
2023-05-22 14:00:00,22.795725,19.931318
2023-05-22 15:00:00,19.321474,15.865807
2023-05-22 16:00:00,14.673975,8.162966
2023-05-22 17:00:00,8.576526,2.9742506
2023-05-22 18:00:00,2.7448003,0.9241303
2023-05-22 19:00:00,0.70835006,0.67849165
2023-05-23 06:00:00,0.7464506,1.8641987
2023-05-23 07:00:00,3.7353003,6.9624443
2023-05-23 08:00:00,9.5675,15.408016
2023-05-23 09:00:00,15.1433,19.806492
2023-05-23 10:00:00,19.44235,21.066113
2023-05-23 11:00:00,21.983675,16.41701
2023-05-23 12:00:00,22.871325,18.369276
2023-05-23 13:00:00,23.01065,22.583157
2023-05-23 14:00:00,21.506948,22.81793
2023-05-23 15:00:00,18.309225,20.289555
2023-05-23 16:00:00,13.604775,15.308318
2023-05-23 17:00:00,8.213375,6.2246547
2023-05-23 18:00:00,3.3961499,1.3784487
2023-05-23 19:00:00,1.2842261,0.83042425
2023-05-23 20:00:00,0.060698688,0.6830561
2023-05-24 06:00:00,0.75592524,1.2190444
2023-05-24 07:00:00,3.7724497,4.239819
2023-05-24 08:00:00,9.663401,11.647894
2023-05-24 09:00:00,15.339325,16.412748
2023-05-24 10:00:00,19.451824,21.04761
2023-05-24 11:00:00,22.1129,22.927917
2023-05-24 12:00:00,23.449026,23.846678
2023-05-24 13:00:00,23.169975,23.774122
2023-05-24 14:00:00,21.799126,23.288574
2023-05-24 15:00:00,18.580599,19.343561
2023-05-24 16:00:00,14.153151,15.399433
2023-05-24 17:00:00,8.33745,7.7000103
2023-05-24 18:00:00,2.9995747,2.870106
2023-05-24 19:00:00,0.85442424,0.9767758
2023-05-24 20:00:00,0.03137545,0.6908315
2023-05-25 06:00:00,0.6990004,1.3809106
2023-05-25 07:00:00,3.784975,4.558379
2023-05-25 08:00:00,9.8632,11.070987
2023-05-25 09:00:00,15.69915,15.881537
2023-05-25 10:00:00,19.6831,19.485758
2023-05-25 11:00:00,21.95565,20.62786
2023-05-25 12:00:00,22.136074,21.226881
2023-05-25 13:00:00,23.2978,21.513931
2023-05-25 14:00:00,21.170551,21.434792
2023-05-25 15:00:00,18.164574,19.07513
2023-05-25 16:00:00,13.954325,15.873903
2023-05-25 17:00:00,8.5358,6.9301085
2023-05-25 18:00:00,3.1720748,1.7845445
2023-05-25 19:00:00,0.878976,0.8731225
2023-05-25 20:00:00,0.038574666,0.6849428
2023-05-26 06:00:00,0.76237446,1.219188
2023-05-26 07:00:00,1.9980503,2.2811968
2023-05-26 08:00:00,7.59685,6.0504613
2023-05-26 09:00:00,16.269825,11.085842
2023-05-26 10:00:00,15.84785,18.741257
2023-05-26 11:00:00,20.913525,19.848078
2023-05-26 12:00:00,21.669624,13.495781
2023-05-26 13:00:00,16.232725,21.874338
2023-05-26 14:00:00,18.231525,15.923643
2023-05-26 15:00:00,17.064825,15.115827
2023-05-26 16:00:00,12.007525,14.318297
2023-05-26 17:00:00,7.4289503,8.467738
2023-05-26 18:00:00,3.5688756,1.4286392
2023-05-26 19:00:00,0.5896996,0.87159127
2023-05-27 06:00:00,0.5967748,1.5620816
2023-05-27 07:00:00,2.9853754,5.3473315
2023-05-27 08:00:00,7.2502007,11.609198
2023-05-27 09:00:00,12.7743,17.651636
2023-05-27 10:00:00,18.561901,18.581104
2023-05-27 11:00:00,21.017448,16.609182
2023-05-27 12:00:00,20.575075,17.758455
2023-05-27 13:00:00,15.971025,11.707976
2023-05-27 14:00:00,11.162826,10.754031
2023-05-27 15:00:00,8.4255,6.547158
2023-05-27 16:00:00,4.6088257,4.023897
2023-05-27 17:00:00,2.8068247,2.1763258
2023-05-27 18:00:00,1.5528755,1.4157573
2023-05-27 19:00:00,0.4243247,0.8010395
2023-05-28 06:00:00,0.62027484,1.5127915
2023-05-28 07:00:00,2.5708003,6.509149
2023-05-28 08:00:00,7.59245,14.244419
2023-05-28 09:00:00,15.394325,13.086419
2023-05-28 10:00:00,19.7881,19.728632
2023-05-28 11:00:00,21.983376,23.130714
2023-05-28 12:00:00,23.0761,23.487621
2023-05-28 13:00:00,23.104475,21.824183
2023-05-28 14:00:00,21.84765,22.462326
2023-05-28 15:00:00,18.915625,22.355335
2023-05-28 16:00:00,14.729401,13.917019
2023-05-28 17:00:00,8.749925,7.0795383
2023-05-28 18:00:00,3.1462252,1.6329741
2023-05-28 19:00:00,0.72742623,0.76471233
2023-05-28 20:00:00,0.030200643,0.67849165
2023-05-29 06:00:00,0.42915085,1.846358
2023-05-29 07:00:00,3.8191001,4.9988337
2023-05-29 08:00:00,10.400025,9.978477
2023-05-29 09:00:00,16.48495,18.68836
2023-05-29 10:00:00,18.39795,19.500658
2023-05-29 11:00:00,23.487225,20.478945
2023-05-29 12:00:00,24.733625,20.964737
2023-05-29 13:00:00,24.020401,21.288515
2023-05-29 14:00:00,22.555876,21.460625
2023-05-29 15:00:00,19.461552,19.397028
2023-05-29 16:00:00,14.714875,16.175013
2023-05-29 17:00:00,8.760076,6.497233
2023-05-29 18:00:00,2.2543247,2.075273
2023-05-29 19:00:00,0.83487445,0.90158343
2023-05-29 20:00:00,0.058050252,0.6847094
2023-05-30 06:00:00,0.51609904,2.248858
2023-05-30 07:00:00,3.8060005,5.756555
2023-05-30 08:00:00,10.41455,12.534538
2023-05-30 09:00:00,15.994451,17.248571
2023-05-30 10:00:00,19.960323,19.582115
2023-05-30 11:00:00,22.189074,14.09418
2023-05-30 12:00:00,22.156225,17.326706
2023-05-30 13:00:00,24.785376,16.090559
2023-05-30 14:00:00,20.936926,23.275476
2023-05-30 15:00:00,19.04985,20.387802
2023-05-30 16:00:00,12.71085,16.283932
2023-05-30 17:00:00,9.2129,8.4477625
2023-05-30 18:00:00,3.4696002,2.361978
2023-05-30 19:00:00,0.70264983,0.8858686
2023-05-30 20:00:00,0.032601032,0.6902973
2023-05-31 06:00:00,0.7422006,1.2820239
2023-05-31 07:00:00,3.5154498,3.98602
2023-05-31 08:00:00,9.876975,9.5427475
2023-05-31 09:00:00,15.296675,13.78524
2023-05-31 10:00:00,18.67505,11.001257
2023-05-31 11:00:00,14.780325,14.973146
2023-05-31 12:00:00,9.779025,11.119962
2023-05-31 13:00:00,6.0296,19.964226
2023-05-31 14:00:00,10.78195,6.9311733
2023-05-31 15:00:00,6.3549,7.1739674
2023-05-31 16:00:00,7.465425,8.264115
2023-05-31 17:00:00,8.44255,5.4533267
2023-05-31 18:00:00,3.4454253,1.3960171
2023-05-31 19:00:00,1.2037007,0.82671624
2023-05-31 20:00:00,0.07302486,0.6851918
2023-06-21 06:00:00,0.69739985,1.282645
2023-06-21 07:00:00,3.6305006,4.028852
2023-06-21 08:00:00,9.788975,9.514548
2023-06-21 09:00:00,15.2367,14.925689
2023-06-21 10:00:00,19.373177,18.903316
2023-06-21 11:00:00,21.6844,20.217045
2023-06-21 12:00:00,22.598099,20.79051
2023-06-21 13:00:00,22.398825,21.413477
2023-06-21 14:00:00,20.846676,21.583866
2023-06-21 15:00:00,17.9961,20.148077
2023-06-21 16:00:00,13.903075,15.38307
2023-06-21 17:00:00,8.585026,6.2695813
2023-06-21 18:00:00,3.5053003,1.1951674
2023-06-21 19:00:00,1.2010493,0.8403422
2023-06-21 20:00:00,0.11727389,0.69722503
2023-06-22 06:00:00,0.92907465,1.1448423
2023-06-22 07:00:00,3.6721754,3.2795522
2023-06-22 08:00:00,8.8272,7.5946765
2023-06-22 09:00:00,13.92125,15.185114
2023-06-22 10:00:00,17.841776,18.450048
2023-06-22 11:00:00,20.205301,20.34076
2023-06-22 12:00:00,21.043026,20.913
2023-06-22 13:00:00,21.470573,21.34029
2023-06-22 14:00:00,19.722301,21.074724
2023-06-22 15:00:00,17.3077,17.902416
2023-06-22 16:00:00,13.220875,14.712829
2023-06-22 17:00:00,8.36845,6.809892
2023-06-22 18:00:00,3.5434253,1.7930591
2023-06-22 19:00:00,1.1390991,0.94012445
2023-06-22 20:00:00,0.056050252,0.7022602
2023-06-23 06:00:00,1.0840747,1.0930113
2023-06-23 07:00:00,3.670725,4.0277805
2023-06-23 08:00:00,8.793375,10.713831
2023-06-23 09:00:00,13.639575,13.552614
2023-06-23 10:00:00,17.446125,18.216564
2023-06-23 11:00:00,20.655125,13.350796
2023-06-23 12:00:00,18.9985,19.247112
2023-06-23 13:00:00,19.591824,20.766329
2023-06-23 14:00:00,21.2344,13.452327
2023-06-23 15:00:00,11.472825,5.7740474
2023-06-23 16:00:00,4.21165,4.0868454
2023-06-23 17:00:00,1.7400249,4.160672
2023-06-23 18:00:00,2.702975,1.3848511
2023-06-23 19:00:00,1.0247505,0.92654437
2023-06-23 20:00:00,0.23017427,0.68989885
2023-06-24 06:00:00,0.99177384,1.1492544
2023-06-24 07:00:00,3.0747252,3.538059
2023-06-24 08:00:00,8.835549,9.947157
2023-06-24 09:00:00,14.0716505,14.783962
2023-06-24 10:00:00,17.97825,19.626701
2023-06-24 11:00:00,19.9825,22.958403
2023-06-24 12:00:00,21.7213,22.1891
2023-06-24 13:00:00,22.04455,20.917261
2023-06-24 14:00:00,20.741125,22.059065
2023-06-24 15:00:00,18.0603,29.5864
2023-06-24 16:00:00,14.066276,15.22724
2023-06-24 17:00:00,8.663026,5.056054
2023-06-24 18:00:00,3.253225,2.0852847
2023-06-24 19:00:00,1.0155004,0.9692182
2023-06-24 20:00:00,0.10789987,0.72486764
2023-06-25 06:00:00,0.7601,1.472561
2023-06-25 07:00:00,3.4446752,4.7954807
2023-06-25 08:00:00,8.998725,11.247537
2023-06-25 09:00:00,14.281475,15.024711
2023-06-25 10:00:00,18.532625,18.785364
2023-06-25 11:00:00,20.465675,19.89124
2023-06-25 12:00:00,22.13655,20.715094
2023-06-25 13:00:00,22.015324,21.127853
2023-06-25 14:00:00,20.6728,20.930664
2023-06-25 15:00:00,17.968151,18.146477
2023-06-25 16:00:00,9.390425,15.5516
2023-06-25 17:00:00,9.434775,6.8975897
2023-06-25 18:00:00,3.5519252,1.539145
2023-06-25 19:00:00,1.5323755,0.9150121
2023-06-25 20:00:00,0.17952485,0.7003617
2023-06-26 06:00:00,0.77619964,1.3866342
2023-06-26 07:00:00,3.513275,4.8067408
2023-06-26 08:00:00,9.29465,11.932803
2023-06-26 09:00:00,14.670375,16.177767
2023-06-26 10:00:00,18.37005,19.41138
2023-06-26 11:00:00,20.710526,20.323174
2023-06-26 12:00:00,21.615824,20.907831
2023-06-26 13:00:00,21.3714,21.193056
2023-06-26 14:00:00,20.43965,20.878262
2023-06-26 15:00:00,17.8995,16.568222
2023-06-26 16:00:00,11.9468,9.063724
2023-06-26 17:00:00,6.539076,8.750515
2023-06-26 18:00:00,3.2531002,2.6422632
2023-06-26 19:00:00,0.99407464,1.0507582
2023-06-26 20:00:00,0.11294967,0.7147143
2023-06-27 06:00:00,0.8080502,1.1164839
2023-06-27 07:00:00,3.4768002,3.7555687
2023-06-27 08:00:00,8.974675,8.45775
2023-06-27 09:00:00,14.198525,14.778731
2023-06-27 10:00:00,17.94335,18.57468
2023-06-27 11:00:00,20.3804,19.972721
2023-06-27 12:00:00,21.165676,20.477491
2023-06-27 13:00:00,20.891026,20.640766
2023-06-27 14:00:00,22.79825,20.520376
2023-06-27 15:00:00,33.289024,16.82999
2023-06-27 16:00:00,26.0614,12.528012
2023-06-27 17:00:00,16.113674,4.886768
2023-06-27 18:00:00,6.353175,1.6783159
2023-06-27 19:00:00,2.1723502,0.8987905
2023-06-27 20:00:00,0.22775044,0.7013852
2023-06-28 06:00:00,1.5068247,1.2278775
2023-06-28 07:00:00,6.6709003,3.6771958
2023-06-28 08:00:00,16.702126,6.8913345
2023-06-28 09:00:00,13.9761505,8.97993
2023-06-28 10:00:00,24.47935,13.610557
2023-06-28 11:00:00,31.700026,15.723818
2023-06-28 12:00:00,25.488825,15.628305
2023-06-28 13:00:00,28.16625,17.42359
2023-06-28 14:00:00,31.405825,22.733772
2023-06-28 15:00:00,31.872375,31.151434
2023-06-28 16:00:00,24.814875,26.01427
2023-06-28 17:00:00,15.739175,16.981525
2023-06-28 18:00:00,6.4562006,4.560931
2023-06-28 19:00:00,2.1290748,1.2164751
2023-06-28 20:00:00,0.21414986,0.7243696
2023-06-29 06:00:00,1.7280747,1.5562817
2023-06-29 07:00:00,6.3981,5.560346
2023-06-29 08:00:00,15.450825,16.612827
2023-06-29 09:00:00,20.642426,15.598723
2023-06-29 10:00:00,21.944876,17.573696
2023-06-29 11:00:00,36.5978,33.955112
2023-06-29 12:00:00,40.12465,27.21165
2023-06-29 13:00:00,40.660927,32.143536
2023-06-29 14:00:00,38.15715,35.491337
2023-06-29 15:00:00,33.3711,35.493847
2023-06-29 16:00:00,26.744474,28.5315
2023-06-29 17:00:00,16.878302,17.132711
2023-06-29 18:00:00,6.233425,7.3989196
2023-06-29 19:00:00,1.8249253,1.504229
2023-06-29 20:00:00,0.26085007,0.72159123
2023-06-30 06:00:00,0.9760004,3.2933648
2023-06-30 07:00:00,6.2767253,12.241356
2023-06-30 08:00:00,17.66895,18.310213
2023-06-30 09:00:00,28.00525,26.52345
2023-06-30 10:00:00,35.5919,26.43036
2023-06-30 11:00:00,40.070023,38.05609
2023-06-30 12:00:00,41.2046,40.00931
2023-06-30 13:00:00,40.8646,40.419636
2023-06-30 14:00:00,38.284603,39.071583
2023-06-30 15:00:00,33.400948,36.088417
2023-06-30 16:00:00,26.0325,28.397547
2023-06-30 17:00:00,16.2518,16.303848
2023-06-30 18:00:00,5.9024,5.127754
2023-06-30 19:00:00,1.6266011,1.2822124
2023-06-30 20:00:00,0.20587544,0.7311391
2023-07-21 06:00:00,0.6170493,1.1768628
2023-07-21 07:00:00,5.059475,4.8873687
2023-07-21 08:00:00,16.134424,16.04106
2023-07-21 09:00:00,27.32125,27.067778
2023-07-21 10:00:00,35.129852,36.954918
2023-07-21 11:00:00,39.730022,40.160896
2023-07-21 12:00:00,41.817677,41.508877
2023-07-21 13:00:00,41.925377,41.498146
2023-07-21 14:00:00,40.910774,40.08451
2023-07-21 15:00:00,36.088978,36.317574
2023-07-21 16:00:00,28.037199,27.140562
2023-07-21 17:00:00,17.052725,16.181864
2023-07-21 18:00:00,6.1095757,5.091144
2023-07-21 19:00:00,1.4148247,1.15706
2023-07-21 20:00:00,0.12312447,0.7097963
2023-07-22 06:00:00,0.62385005,1.120232
2023-07-22 07:00:00,5.0603757,4.6836762
2023-07-22 08:00:00,16.21915,15.963164
2023-07-22 09:00:00,26.91315,26.929432
2023-07-22 10:00:00,34.576675,36.460724
2023-07-22 11:00:00,39.346325,39.87753
2023-07-22 12:00:00,41.73145,41.014584
2023-07-22 13:00:00,41.648727,41.044704
2023-07-22 14:00:00,39.294926,40.015236
2023-07-22 15:00:00,34.92525,36.350338
2023-07-22 16:00:00,27.305151,27.519371
2023-07-22 17:00:00,16.978949,16.092497
2023-07-22 18:00:00,6.1642747,5.116244
2023-07-22 19:00:00,1.402351,1.117061
2023-07-22 20:00:00,0.09407564,0.7034428
2023-07-23 06:00:00,0.6111254,1.2328833
2023-07-23 07:00:00,4.9167747,4.718767
2023-07-23 08:00:00,16.14035,15.938062
2023-07-23 09:00:00,26.976126,26.717379
2023-07-23 10:00:00,34.72065,36.297417
2023-07-23 11:00:00,39.1695,39.640484
2023-07-23 12:00:00,41.029102,40.995968
2023-07-23 13:00:00,41.5312,40.78553
2023-07-23 14:00:00,40.588123,38.900005
2023-07-23 15:00:00,35.937927,34.184616
2023-07-23 16:00:00,27.735874,26.137138
2023-07-23 17:00:00,16.934324,16.108686
2023-07-23 18:00:00,5.99965,4.3119507
2023-07-23 19:00:00,1.3195004,1.0519536
2023-07-23 20:00:00,0.09359908,0.6975639
2023-07-24 06:00:00,0.69074947,0.9358344
2023-07-24 07:00:00,4.830826,4.7324324
2023-07-24 08:00:00,15.185651,15.685953
2023-07-24 09:00:00,26.120325,27.130644
2023-07-24 10:00:00,33.9693,35.01603
2023-07-24 11:00:00,38.325397,38.780125
2023-07-24 12:00:00,40.40115,40.084873
2023-07-24 13:00:00,41.144424,40.46868
2023-07-24 14:00:00,39.807625,38.4788
2023-07-24 15:00:00,30.569698,33.94732
2023-07-24 16:00:00,23.054375,26.414623
2023-07-24 17:00:00,16.150675,16.264019
2023-07-24 18:00:00,6.0426755,4.8067846
2023-07-24 19:00:00,1.4947251,1.0100756
2023-07-24 20:00:00,0.11509908,0.6974692
2023-07-25 06:00:00,0.6065756,1.2778101
2023-07-25 07:00:00,4.8555756,4.3478103
2023-07-25 08:00:00,15.4192,15.011137
2023-07-25 09:00:00,26.3325,26.740765
2023-07-25 10:00:00,34.26415,35.73499
2023-07-25 11:00:00,38.513477,39.013527
2023-07-25 12:00:00,40.35705,40.163467
2023-07-25 13:00:00,40.9165,40.524372
2023-07-25 14:00:00,39.49595,39.520718
2023-07-25 15:00:00,34.746727,32.06251
2023-07-25 16:00:00,26.80575,14.268363
2023-07-25 17:00:00,15.791825,9.656538
2023-07-25 18:00:00,7.2594247,3.9411588
2023-07-25 19:00:00,1.9469253,1.0848305
2023-07-25 20:00:00,0.112024866,0.70181876
2023-07-26 06:00:00,0.5073755,1.2709458
2023-07-26 07:00:00,4.806975,4.2624645
2023-07-26 08:00:00,16.277925,15.296311
2023-07-26 09:00:00,27.496925,27.055124
2023-07-26 10:00:00,35.184,36.247257
2023-07-26 11:00:00,39.48095,39.28085
2023-07-26 12:00:00,42.138927,40.256233
2023-07-26 13:00:00,43.00205,40.525143
2023-07-26 14:00:00,40.425674,39.95351
2023-07-26 15:00:00,35.984303,37.337852
2023-07-26 16:00:00,27.947124,34.00019
2023-07-26 17:00:00,17.277802,18.6468
2023-07-26 18:00:00,6.00505,9.029425
2023-07-26 19:00:00,1.22835,1.2813199
2023-07-26 20:00:00,0.06109908,0.7011977
2023-07-27 06:00:00,0.60107464,1.0635406
2023-07-27 07:00:00,4.6662507,4.3595657
2023-07-27 08:00:00,15.127049,16.006676
2023-07-27 09:00:00,25.649824,27.193039
2023-07-27 10:00:00,33.5168,35.83408
2023-07-27 11:00:00,38.007824,39.351826
2023-07-27 12:00:00,40.17825,40.849228
2023-07-27 13:00:00,40.630478,41.090794
2023-07-27 14:00:00,39.4679,38.99414
2023-07-27 15:00:00,35.327198,33.62941
2023-07-27 16:00:00,27.4821,25.749483
2023-07-27 17:00:00,16.9035,15.797588
2023-07-27 18:00:00,5.9399,3.4426548
2023-07-27 19:00:00,1.2665249,0.9808178
2023-07-27 20:00:00,0.07137545,0.6909106
2023-07-28 06:00:00,0.6955502,0.9661528
2023-07-28 07:00:00,4.84735,4.3329263
2023-07-28 08:00:00,14.696099,15.136228
2023-07-28 09:00:00,25.3348,25.978424
2023-07-28 10:00:00,33.2901,34.889874
2023-07-28 11:00:00,38.17473,38.677963
2023-07-28 12:00:00,40.9167,40.05402
2023-07-28 13:00:00,41.798603,40.124363
2023-07-28 14:00:00,40.057926,37.91535
2023-07-28 15:00:00,25.212824,28.012276
2023-07-28 16:00:00,16.908949,26.322857
2023-07-28 17:00:00,16.642075,16.212675
2023-07-28 18:00:00,6.2064,4.9757476
2023-07-28 19:00:00,1.3661753,0.9811401
2023-07-28 20:00:00,0.074399866,0.6929711
2023-07-29 06:00:00,0.5171254,1.1297652
2023-07-29 07:00:00,4.7550755,4.1225796
2023-07-29 08:00:00,15.482326,14.304391
2023-07-29 09:00:00,26.0564,25.61814
2023-07-29 10:00:00,33.77015,35.332943
2023-07-29 11:00:00,38.3636,39.051273
2023-07-29 12:00:00,42.70555,40.4932
2023-07-29 13:00:00,43.9607,40.877636
2023-07-29 14:00:00,41.627148,39.853035
2023-07-29 15:00:00,37.06,33.50026
2023-07-29 16:00:00,29.0449,17.759016
2023-07-29 17:00:00,18.135824,16.336027
2023-07-29 18:00:00,5.904425,7.3786254
2023-07-29 19:00:00,0.9777514,1.096022
2023-07-29 20:00:00,0.043625448,0.69358146
2023-07-30 06:00:00,0.39387447,1.5974946
2023-07-30 07:00:00,4.8848004,5.1807966
2023-07-30 08:00:00,16.809425,15.61327
2023-07-30 09:00:00,28.66815,27.055586
2023-07-30 10:00:00,36.131725,35.913643
2023-07-30 11:00:00,40.294727,39.230587
2023-07-30 12:00:00,43.028873,41.330196
2023-07-30 13:00:00,43.172127,41.721188
2023-07-30 14:00:00,40.926147,40.45758
2023-07-30 15:00:00,35.70115,36.69338
2023-07-30 16:00:00,27.484125,27.867119
2023-07-30 17:00:00,16.854324,16.057898
2023-07-30 18:00:00,5.7696257,4.3011413
2023-07-30 19:00:00,1.1298003,0.9487856
2023-07-30 20:00:00,0.052226033,0.68740374
2023-07-31 06:00:00,0.9632006,1.2595952
2023-07-31 07:00:00,5.35015,4.730362
2023-07-31 08:00:00,15.523049,16.141975
2023-07-31 09:00:00,26.808575,27.969677
2023-07-31 10:00:00,34.3559,36.55632
2023-07-31 11:00:00,36.227524,39.7979
2023-07-31 12:00:00,41.940823,41.26759
2023-07-31 13:00:00,43.607574,40.80805
2023-07-31 14:00:00,35.815975,30.988142
2023-07-31 15:00:00,11.822525,27.47824
2023-07-31 16:00:00,7.7850747,7.870701
2023-07-31 17:00:00,5.0103755,6.335564
2023-07-31 18:00:00,4.5854,2.4809878
2023-07-31 19:00:00,1.4440747,0.928475
2023-07-31 20:00:00,0.042476032,0.68912834
2023-08-21 06:00:00,0.115675256,1.0127103
2023-08-21 07:00:00,4.2928753,11.839367
2023-08-21 08:00:00,15.8497,12.780022
2023-08-21 09:00:00,27.0765,32.710247
2023-08-21 10:00:00,35.088875,18.890682
2023-08-21 11:00:00,39.58865,27.399279
2023-08-21 12:00:00,43.560448,41.240353
2023-08-21 13:00:00,43.405643,41.808136
2023-08-21 14:00:00,41.53735,39.881718
2023-08-21 15:00:00,36.440926,26.0099
2023-08-21 16:00:00,27.303375,8.006481
2023-08-21 17:00:00,5.1340504,6.241687
2023-08-21 18:00:00,2.5334752,2.150558
2023-08-21 19:00:00,0.37852487,0.7408598
2023-08-22 06:00:00,0.5856742,0.9104848
2023-08-22 07:00:00,4.9496,3.3155951
2023-08-22 08:00:00,16.3851,15.822253
2023-08-22 09:00:00,27.304699,26.804707
2023-08-22 10:00:00,35.334198,35.614475
2023-08-22 11:00:00,39.008823,39.353188
2023-08-22 12:00:00,40.7692,41.351917
2023-08-22 13:00:00,43.121075,41.303837
2023-08-22 14:00:00,42.676525,40.3327
2023-08-22 15:00:00,35.649876,26.601503
2023-08-22 16:00:00,13.824901,30.390335
2023-08-22 17:00:00,16.569975,5.1087728
2023-08-22 18:00:00,6.4856753,1.8093686
2023-08-22 19:00:00,1.0762504,0.7563032
2023-08-23 06:00:00,0.17105025,1.1515952
2023-08-23 07:00:00,4.6651754,3.6958022
2023-08-23 08:00:00,16.07355,16.086369
2023-08-23 09:00:00,27.7975,27.11034
2023-08-23 10:00:00,35.689022,29.261705
2023-08-23 11:00:00,39.852226,38.889294
2023-08-23 12:00:00,31.72755,39.765823
2023-08-23 13:00:00,32.196125,35.262806
2023-08-23 14:00:00,30.242075,34.511707
2023-08-23 15:00:00,21.802801,30.322424
2023-08-23 16:00:00,15.244625,15.349793
2023-08-23 17:00:00,14.10675,15.735051
2023-08-23 18:00:00,5.07785,4.6848764
2023-08-23 19:00:00,0.39322507,0.92678267
2023-08-24 06:00:00,0.12914889,0.98983735
2023-08-24 07:00:00,3.8874497,3.5765474
2023-08-24 08:00:00,12.408,15.877709
2023-08-24 09:00:00,27.51945,27.7902
2023-08-24 10:00:00,37.092148,28.269371
2023-08-24 11:00:00,31.198574,39.500355
2023-08-24 12:00:00,34.000725,17.206116
2023-08-24 13:00:00,30.206324,26.736097
2023-08-24 14:00:00,29.4814,14.791398
2023-08-24 15:00:00,10.8463,15.8328285
2023-08-24 16:00:00,22.514349,12.844132
2023-08-24 17:00:00,14.92595,15.053201
2023-08-24 18:00:00,3.9950502,3.6527212
2023-08-24 19:00:00,0.40477487,0.7596225
2023-08-25 06:00:00,0.24477486,0.81046134
2023-08-25 07:00:00,4.542975,2.82602
2023-08-25 08:00:00,13.99195,9.52997
2023-08-25 09:00:00,24.063725,22.187601
2023-08-25 10:00:00,35.975353,36.75926
2023-08-25 11:00:00,38.57477,28.42039
2023-08-25 12:00:00,42.86355,17.316711
2023-08-25 13:00:00,27.681099,24.041315
2023-08-25 14:00:00,28.155651,26.88537
2023-08-25 15:00:00,19.143074,11.14426
2023-08-25 16:00:00,15.402349,5.2163444
2023-08-25 17:00:00,9.92745,5.4887233
2023-08-25 18:00:00,3.6736996,1.8892368
2023-08-25 19:00:00,0.62197506,0.76222897
2023-08-26 06:00:00,0.106975056,1.8254077
2023-08-26 07:00:00,3.9860747,3.8678637
2023-08-26 08:00:00,14.924675,14.002043
2023-08-26 09:00:00,26.119225,30.376347
2023-08-26 10:00:00,34.112125,37.572407
2023-08-26 11:00:00,38.9292,39.23284
2023-08-26 12:00:00,41.887802,41.546776
2023-08-26 13:00:00,43.38142,32.917004
2023-08-26 14:00:00,40.861073,34.13559
2023-08-26 15:00:00,35.30845,26.624866
2023-08-26 16:00:00,22.9042,19.759865
2023-08-26 17:00:00,13.726,12.2494955
2023-08-26 18:00:00,5.0553255,1.931023
2023-08-26 19:00:00,0.9052514,0.81339884
2023-08-27 06:00:00,0.123601034,1.0002475
2023-08-27 07:00:00,3.97735,3.1480043
2023-08-27 08:00:00,15.1264,15.094314
2023-08-27 09:00:00,26.296724,26.326908
2023-08-27 10:00:00,34.290127,34.724117
2023-08-27 11:00:00,39.2122,38.89172
2023-08-27 12:00:00,41.412075,34.24709
2023-08-27 13:00:00,30.740425,41.147377
2023-08-27 14:00:00,42.93755,39.33975
2023-08-27 15:00:00,36.593052,34.22897
2023-08-27 16:00:00,25.624725,20.144087
2023-08-27 17:00:00,14.088901,14.802296
2023-08-27 18:00:00,3.9859498,3.4441118
2023-08-27 19:00:00,0.40097603,0.8830629
2023-08-28 06:00:00,0.09002584,1.1369575
2023-08-28 07:00:00,5.3787503,3.2625406
2023-08-28 08:00:00,15.540276,15.40897
2023-08-28 09:00:00,27.586124,27.12693
2023-08-28 10:00:00,35.085552,34.766365
2023-08-28 11:00:00,40.078022,38.96722
2023-08-28 12:00:00,42.744297,40.7225
2023-08-28 13:00:00,44.562546,33.53032
2023-08-28 14:00:00,42.35315,40.00789
2023-08-28 15:00:00,36.252228,35.692345
2023-08-28 16:00:00,26.847052,23.306034
2023-08-28 17:00:00,13.704925,14.9404955
2023-08-28 18:00:00,3.2056997,2.0727446
2023-08-28 19:00:00,0.7257748,0.76137346
2023-08-29 06:00:00,0.10730025,1.6840727
2023-08-29 07:00:00,3.8145747,4.0674343
2023-08-29 08:00:00,15.211901,15.641893
2023-08-29 09:00:00,26.938475,27.400967
2023-08-29 10:00:00,35.16605,35.309845
2023-08-29 11:00:00,40.3449,39.322304
2023-08-29 12:00:00,42.45725,40.79751
2023-08-29 13:00:00,44.60523,41.386494
2023-08-29 14:00:00,41.921696,39.20828
2023-08-29 15:00:00,36.0168,34.534756
2023-08-29 16:00:00,27.03755,23.174608
2023-08-29 17:00:00,13.762625,8.67108
2023-08-29 18:00:00,4.85085,1.7216411
2023-08-29 19:00:00,0.27292526,0.83911175
2023-08-30 06:00:00,0.07314987,1.4559156
2023-08-30 07:00:00,4.24215,2.9459732
2023-08-30 08:00:00,15.949349,15.415523
2023-08-30 09:00:00,27.368975,27.548754
2023-08-30 10:00:00,35.25305,36.36123
2023-08-30 11:00:00,40.118977,39.78652
2023-08-30 12:00:00,42.264275,40.867027
2023-08-30 13:00:00,28.5686,41.75217
2023-08-30 14:00:00,39.90235,39.879
2023-08-30 15:00:00,36.56555,35.303684
2023-08-30 16:00:00,27.083626,24.850134
2023-08-30 17:00:00,13.448225,12.671834
2023-08-30 18:00:00,3.2567506,3.43256
2023-08-30 19:00:00,0.19239986,0.7336078
2023-08-31 06:00:00,0.10144967,1.704523
2023-08-31 07:00:00,5.183201,4.2013736
2023-08-31 08:00:00,15.637175,17.38955
2023-08-31 09:00:00,27.14965,28.23923
2023-08-31 10:00:00,35.1329,31.756266
2023-08-31 11:00:00,30.12565,35.118496
2023-08-31 12:00:00,42.9165,38.26306
2023-08-31 13:00:00,43.40925,38.832554
2023-08-31 14:00:00,40.594772,35.712418
2023-08-31 15:00:00,33.591602,27.08999
2023-08-31 16:00:00,25.847925,26.39451
2023-08-31 17:00:00,14.367425,7.0755076
2023-08-31 18:00:00,2.6058998,4.6002526
2023-08-31 19:00:00,0.21872506,3.970807
2023-09-21 07:00:00,1.6021001,2.6897876
2023-09-21 08:00:00,9.0166,10.302998
2023-09-21 09:00:00,17.265175,15.854592
2023-09-21 10:00:00,15.700174,27.989996
2023-09-21 11:00:00,27.26895,29.256433
2023-09-21 12:00:00,33.833397,6.918296
2023-09-21 13:00:00,18.225468,7.212012
2023-09-21 14:00:00,7.0316796,27.748909
2023-09-21 15:00:00,15.6896,27.524729
2023-09-21 16:00:00,18.77956,14.335404
2023-09-21 17:00:00,9.014925,9.221092
2023-09-21 18:00:00,1.2375503,1.136311
2023-09-22 07:00:00,3.4263003,5.903862
2023-09-22 08:00:00,13.254434,15.946016
2023-09-22 09:00:00,27.75116,25.970636
2023-09-22 10:00:00,37.831326,26.61223
2023-09-22 11:00:00,44.768967,37.646606
2023-09-22 12:00:00,47.27785,39.345695
2023-09-22 13:00:00,45.326447,32.14637
2023-09-22 14:00:00,41.9232,24.37396
2023-09-22 15:00:00,36.859238,21.47131
2023-09-22 16:00:00,24.946375,16.375124
2023-09-22 17:00:00,11.394,9.246897
2023-09-22 18:00:00,1.3132007,0.96849555
2023-09-22 19:00:00,0.03007955,0.67849165
2023-09-23 07:00:00,2.8886,2.343608
2023-09-23 08:00:00,14.751599,13.580905
2023-09-23 09:00:00,28.17925,27.972332
2023-09-23 10:00:00,38.77452,38.33132
2023-09-23 11:00:00,44.746464,41.735477
2023-09-23 12:00:00,47.1307,42.91544
2023-09-23 13:00:00,46.78994,41.850906
2023-09-23 14:00:00,43.201847,39.951656
2023-09-23 15:00:00,37.001568,35.791523
2023-09-23 16:00:00,27.742624,25.638718
2023-09-23 17:00:00,14.050526,11.646097
2023-09-23 18:00:00,2.3313003,0.9876684
2023-09-24 07:00:00,2.1345668,2.016898
2023-09-24 08:00:00,16.08674,14.187103
2023-09-24 09:00:00,30.101252,26.518702
2023-09-24 10:00:00,38.794125,38.06121
2023-09-24 11:00:00,43.124,41.320847
2023-09-24 12:00:00,46.016655,42.349045
2023-09-24 13:00:00,43.738823,42.061863
2023-09-24 14:00:00,41.951897,40.26824
2023-09-24 15:00:00,36.0325,35.729324
2023-09-24 16:00:00,25.177279,25.157696
2023-09-24 17:00:00,10.359125,8.194654
2023-09-24 18:00:00,1.3921753,1.2829252
2023-09-25 07:00:00,3.9429,2.2947505
2023-09-25 08:00:00,16.61915,13.477069
2023-09-25 09:00:00,26.824776,26.826607
2023-09-25 10:00:00,38.59575,31.76896
2023-09-25 11:00:00,39.312824,37.402557
2023-09-25 12:00:00,43.407894,41.275745
2023-09-25 13:00:00,38.55205,38.2717
2023-09-25 14:00:00,38.6265,38.26144
2023-09-25 15:00:00,33.2462,29.01763
2023-09-25 16:00:00,20.157375,15.313695
2023-09-25 17:00:00,9.06915,7.3299417
2023-09-25 18:00:00,1.0198666,1.008309
2023-09-26 07:00:00,0.34787545,1.8833579
2023-09-26 08:00:00,2.277475,5.996901
2023-09-26 09:00:00,2.38115,6.570316
2023-09-26 10:00:00,1.9464751,7.1154704
2023-09-26 11:00:00,3.9929254,6.8116446
2023-09-26 12:00:00,4.249076,6.1049643
2023-09-26 13:00:00,4.3509507,5.968905
2023-09-26 14:00:00,5.0456,6.402236
2023-09-26 15:00:00,3.1352506,8.246825
2023-09-26 16:00:00,2.539225,7.778567
2023-09-26 17:00:00,0.8967748,5.164604
2023-09-26 18:00:00,0.06487545,0.9122065
2023-09-27 07:00:00,0.21497408,3.4924479
2023-09-27 08:00:00,1.0866753,18.705643
2023-09-27 09:00:00,8.979151,11.656395
2023-09-27 10:00:00,10.693475,16.641405
2023-09-27 11:00:00,19.462051,15.977175
2023-09-27 12:00:00,15.996375,18.081451
2023-09-27 13:00:00,24.741,15.660282
2023-09-27 14:00:00,40.349926,17.96857
2023-09-27 15:00:00,18.729324,7.5491714
2023-09-27 16:00:00,9.739076,4.6211333
2023-09-27 17:00:00,4.89315,1.5342398
2023-09-27 18:00:00,0.7020756,0.6916684
2023-09-28 17:00:00,2.8997798,3.8198383
2023-09-28 18:00:00,0.26327586,0.83315474
2023-09-29 10:00:00,7.7559,4.052729
2023-09-29 11:00:00,15.33935,14.57891
2023-09-29 12:00:00,22.73965,11.400584
2023-09-29 13:00:00,14.202701,18.28523
2023-09-29 14:00:00,38.233948,15.859413
2023-09-29 15:00:00,32.886803,16.426487
2023-09-29 16:00:00,22.267225,5.9391956
2023-09-29 17:00:00,7.3492503,1.3978803
2023-09-29 18:00:00,0.54436666,2.009977
2023-09-30 07:00:00,1.8862749,3.322568
2023-09-30 08:00:00,12.9431505,9.324559
2023-09-30 09:00:00,26.565275,21.006233
2023-09-30 10:00:00,35.651978,25.480192
2023-09-30 11:00:00,40.79265,27.415316
2023-09-30 12:00:00,41.984932,21.412182
2023-09-30 13:00:00,41.02085,15.874414
2023-09-30 14:00:00,30.680475,27.187395
2023-09-30 15:00:00,19.65325,19.82796
2023-09-30 16:00:00,11.626326,8.108631
2023-09-30 17:00:00,4.2193003,3.7962115
2023-09-30 18:00:00,1.2603003,0.7942524
2023-10-21 07:00:00,0.2579487,0.9135805
2023-10-21 08:00:00,7.911475,7.6890497
2023-10-21 09:00:00,25.792974,24.034328
2023-10-21 10:00:00,35.289375,34.466473
2023-10-21 11:00:00,39.642826,38.157814
2023-10-21 12:00:00,41.320522,39.507336
2023-10-21 13:00:00,41.790478,38.884422
2023-10-21 14:00:00,38.564674,28.894789
2023-10-21 15:00:00,26.89835,25.327084
2023-10-21 16:00:00,18.174776,9.727785
2023-10-21 17:00:00,3.0986753,2.598106
2023-10-21 18:00:00,0.15967427,0.69499946
2023-10-22 07:00:00,0.21072505,0.8750815
2023-10-22 08:00:00,7.9870996,6.283447
2023-10-22 09:00:00,26.652552,23.29702
2023-10-22 10:00:00,35.923874,33.687157
2023-10-22 11:00:00,40.793926,37.37613
2023-10-22 12:00:00,42.610626,38.37731
2023-10-22 13:00:00,41.8069,38.748425
2023-10-22 14:00:00,38.030174,35.8134
2023-10-22 15:00:00,30.086,23.331364
2023-10-22 16:00:00,18.22665,10.387748
2023-10-22 17:00:00,4.924525,1.5664331
2023-10-22 18:00:00,0.16357563,0.7107788
2023-10-23 07:00:00,0.34877488,0.83443207
2023-10-23 08:00:00,6.4593005,5.906449
2023-10-23 09:00:00,22.896275,23.02906
2023-10-23 10:00:00,32.790897,33.0375
2023-10-23 11:00:00,37.432976,37.20107
2023-10-23 12:00:00,38.394024,38.259026
2023-10-23 13:00:00,37.893726,35.73242
2023-10-23 14:00:00,33.773624,30.887234
2023-10-23 15:00:00,26.521776,19.413687
2023-10-23 16:00:00,17.335026,10.095807
2023-10-23 17:00:00,4.88485,2.2659273
2023-10-23 18:00:00,0.07130025,0.7115512
2023-10-24 07:00:00,0.27152488,1.3295552
2023-10-24 08:00:00,6.7748003,5.6930895
2023-10-24 09:00:00,25.22925,22.852068
2023-10-24 10:00:00,34.659775,35.43225
2023-10-24 11:00:00,39.7184,38.54941
2023-10-24 12:00:00,40.90225,39.176003
2023-10-24 13:00:00,41.4485,38.965492
2023-10-24 14:00:00,38.066273,35.67056
2023-10-24 15:00:00,31.194675,28.11997
2023-10-24 16:00:00,19.646801,12.432063
2023-10-24 17:00:00,5.7095757,2.2546139
2023-10-24 18:00:00,0.038449664,0.6929555
2023-10-25 07:00:00,0.21805122,1.0354917
2023-10-25 08:00:00,5.3805757,5.5660257
2023-10-25 09:00:00,22.6995,23.075714
2023-10-25 10:00:00,33.137226,33.74722
2023-10-25 11:00:00,38.85705,37.607037
2023-10-25 12:00:00,36.17915,38.01844
2023-10-25 13:00:00,37.79865,37.88022
2023-10-25 14:00:00,36.122475,33.67855
2023-10-25 15:00:00,28.897474,23.697828
2023-10-25 16:00:00,17.286724,13.421583
2023-10-25 17:00:00,4.2363005,2.4233248
2023-10-25 18:00:00,0.029824667,0.68636566
2023-10-26 07:00:00,0.26760006,0.7870336
2023-10-26 08:00:00,5.1955504,3.7724926
2023-10-26 09:00:00,22.439,18.291368
2023-10-26 10:00:00,32.878353,28.965832
2023-10-26 11:00:00,37.923573,34.80218
2023-10-26 12:00:00,40.22355,32.675377
2023-10-26 13:00:00,38.597675,35.12257
2023-10-26 14:00:00,33.981377,31.039558
2023-10-26 15:00:00,26.3055,18.15334
2023-10-26 16:00:00,14.968525,8.866893
2023-10-26 17:00:00,3.5072749,2.0206256
2023-10-26 18:00:00,0.030874472,0.6846342
2023-10-27 07:00:00,0.2948989,1.0403277
2023-10-27 08:00:00,4.2183256,3.8557885
2023-10-27 09:00:00,20.6814,19.29185
2023-10-27 10:00:00,31.632425,31.264893
2023-10-27 11:00:00,37.3162,35.976944
2023-10-27 12:00:00,39.5033,37.750744
2023-10-27 13:00:00,38.621273,36.67597
2023-10-27 14:00:00,34.469273,31.039907
2023-10-27 15:00:00,26.70995,18.02232
2023-10-27 16:00:00,14.837725,9.444601
2023-10-27 17:00:00,3.0960004,1.682937
2023-10-28 07:00:00,0.17610005,1.3862085
2023-10-28 08:00:00,4.6650505,3.3686588
2023-10-28 09:00:00,23.262224,19.32225
2023-10-28 10:00:00,34.152103,34.31252
2023-10-28 11:00:00,39.101948,38.075726
2023-10-28 12:00:00,40.674023,39.030006
2023-10-28 13:00:00,39.700226,38.188213
2023-10-28 14:00:00,36.22785,33.01111
2023-10-28 15:00:00,29.230099,22.146479
2023-10-28 16:00:00,17.615599,12.587103
2023-10-28 17:00:00,3.7959752,1.5371841
2023-10-29 07:00:00,0.06657467,1.359021
2023-10-29 08:00:00,4.351425,3.5025883
2023-10-29 09:00:00,22.882675,21.321568
2023-10-29 10:00:00,33.92625,34.856094
2023-10-29 11:00:00,39.521873,38.25859
2023-10-29 12:00:00,41.571022,38.966927
2023-10-29 13:00:00,40.756977,38.112774
2023-10-29 14:00:00,37.568073,34.074554
2023-10-29 15:00:00,30.149176,25.672531
2023-10-29 16:00:00,18.66325,14.019887
2023-10-29 17:00:00,4.2705503,1.8165698
2023-10-30 07:00:00,0.06907467,0.93064106
2023-10-30 08:00:00,3.2361498,3.609559
2023-10-30 09:00:00,23.097475,19.971895
2023-10-30 10:00:00,34.9296,34.742027
2023-10-30 11:00:00,39.723324,38.56835
2023-10-30 12:00:00,41.44175,39.485546
2023-10-30 13:00:00,40.2467,38.745316
2023-10-30 14:00:00,36.9961,34.648365
2023-10-30 15:00:00,29.584875,26.14391
2023-10-30 16:00:00,18.451025,14.378169
2023-10-30 17:00:00,3.7148755,2.0362191
2023-10-31 07:00:00,0.09400045,0.8710795
2023-10-31 08:00:00,3.909475,2.655812
2023-10-31 09:00:00,22.26555,19.045874
2023-10-31 10:00:00,33.84845,33.4847
2023-10-31 11:00:00,36.99405,37.152782
2023-10-31 12:00:00,40.354103,38.259575
2023-10-31 13:00:00,38.8615,37.342743
2023-10-31 14:00:00,34.918427,33.419827
2023-10-31 15:00:00,27.451275,24.65606
2023-10-31 16:00:00,15.566424,13.876018
2023-10-31 17:00:00,2.994225,1.7761401
2023-11-21 08:00:00,0.66014886,4.0174565
2023-11-21 09:00:00,5.54955,7.5288033
2023-11-21 10:00:00,18.3382,19.988356
2023-11-21 11:00:00,12.1855,11.576386
2023-11-21 12:00:00,4.64155,15.636208
2023-11-21 13:00:00,5.589175,17.425955
2023-11-21 14:00:00,8.494175,7.254027
2023-11-21 15:00:00,4.0461,4.3399906
2023-11-21 16:00:00,3.9910004,1.5155826
2023-11-21 17:00:00,0.22310005,0.6869516
2023-11-22 08:00:00,1.0338237,2.2212553
2023-11-22 09:00:00,2.20515,3.25506
2023-11-22 10:00:00,3.7658002,5.6161714
2023-11-22 11:00:00,3.86915,5.82156
2023-11-22 12:00:00,1.9211001,2.8329058
2023-11-22 13:00:00,4.632701,2.7856977
2023-11-22 14:00:00,3.115525,6.396097
2023-11-22 15:00:00,2.1295502,2.8685796
2023-11-22 16:00:00,0.37145066,1.9011421
2023-11-23 08:00:00,0.026850058,1.7580454
2023-11-23 09:00:00,1.4175748,2.9928734
2023-11-23 10:00:00,3.8187504,9.436486
2023-11-23 11:00:00,9.4486,12.996219
2023-11-23 12:00:00,8.7513,6.736656
2023-11-23 13:00:00,4.823475,18.93588
2023-11-23 14:00:00,8.86105,5.969426
2023-11-23 15:00:00,8.71305,4.107064
2023-11-23 16:00:00,5.3978753,1.1262885
2023-11-23 17:00:00,0.24980025,0.6828383
2023-11-24 08:00:00,0.42037547,3.3165522
2023-11-24 09:00:00,3.2910748,13.421277
2023-11-24 10:00:00,24.373125,18.390886
2023-11-24 11:00:00,35.65955,21.804613
2023-11-24 12:00:00,38.579647,22.560732
2023-11-24 13:00:00,31.141502,17.603962
2023-11-24 14:00:00,33.267075,17.50134
2023-11-24 15:00:00,24.6901,11.480621
2023-11-24 16:00:00,9.597,6.9244614
2023-11-24 17:00:00,0.8166,0.72887933
2023-11-25 08:00:00,0.6248002,2.0123198
2023-11-25 09:00:00,5.573775,3.607019
2023-11-25 10:00:00,19.922375,13.449819
2023-11-25 11:00:00,28.851051,30.88011
2023-11-25 12:00:00,37.826103,29.225578
2023-11-25 13:00:00,31.4655,27.098377
2023-11-25 14:00:00,28.497175,30.210241
2023-11-25 15:00:00,20.766,13.22838
2023-11-25 16:00:00,8.062799,6.0378327
2023-11-25 17:00:00,0.7128754,0.86183244
2023-11-26 08:00:00,0.04387447,1.5262612
2023-11-26 09:00:00,0.22352485,3.1674078
2023-11-26 10:00:00,2.4053247,6.92236
2023-11-26 11:00:00,6.6726007,10.948114
2023-11-26 12:00:00,7.85005,8.404019
2023-11-26 13:00:00,3.7531998,7.9336147
2023-11-26 14:00:00,3.6249254,9.136809
2023-11-26 15:00:00,1.1123247,10.832246
2023-11-26 16:00:00,0.32485005,4.9983587
2023-11-27 09:00:00,0.06852389,2.2744741
2023-11-27 10:00:00,0.41337448,4.4949026
2023-11-27 11:00:00,1.5159488,4.483023
2023-11-27 12:00:00,3.39865,9.74379
2023-11-27 13:00:00,7.1107755,8.601076
2023-11-27 14:00:00,6.1095757,7.7558837
2023-11-27 15:00:00,18.405025,2.2479527
2023-11-27 16:00:00,2.3211997,1.0828921
2023-11-27 17:00:00,0.14799947,0.68275726
2023-11-28 08:00:00,0.65504926,3.122527
2023-11-28 09:00:00,2.9177506,12.101623
2023-11-28 10:00:00,20.297676,15.970611
2023-11-28 11:00:00,34.7005,21.012981
2023-11-28 12:00:00,38.593525,21.30596
2023-11-28 13:00:00,38.5317,20.098019
2023-11-28 14:00:00,34.382698,14.2305765
2023-11-28 15:00:00,23.289099,13.381627
2023-11-28 16:00:00,7.0489254,1.7599965
2023-11-28 17:00:00,0.46324947,0.70844674
2023-11-29 08:00:00,0.45432466,1.1696587
2023-11-29 09:00:00,4.5388756,2.3384652
2023-11-29 10:00:00,7.937925,6.273384
2023-11-29 11:00:00,8.210249,10.26211
2023-11-29 12:00:00,9.1727,24.213871
2023-11-29 13:00:00,10.54745,16.780258
2023-11-29 14:00:00,9.84605,15.862114
2023-11-29 15:00:00,11.806125,11.77
2023-11-29 16:00:00,3.4710503,4.379532
2023-11-29 17:00:00,0.31230125,0.77506196
2023-11-30 08:00:00,0.028524863,2.3402867
2023-11-30 09:00:00,0.27330124,3.3132231
2023-11-30 10:00:00,0.06537642,5.327807
2023-11-30 11:00:00,0.29094967,4.9438276
2023-11-30 12:00:00,0.21882564,4.332693
2023-11-30 13:00:00,6.705025,4.5310755
2023-11-30 14:00:00,4.01815,4.1189117
2023-11-30 15:00:00,1.7731255,7.1178575
2023-11-30 16:00:00,0.24774946,1.9297671
2023-12-21 07:00:00,0.21627486,1.0740699
2023-12-21 08:00:00,1.4445004,1.7791675
2023-12-21 09:00:00,11.352474,12.111463
2023-12-21 10:00:00,27.79885,28.70179
2023-12-21 11:00:00,36.219326,34.6893
2023-12-21 12:00:00,37.159897,35.3166
2023-12-21 13:00:00,32.634125,32.037537
2023-12-21 14:00:00,19.303276,16.641832
2023-12-21 15:00:00,8.644151,6.623485
2023-12-21 16:00:00,0.29062545,1.130395
2023-12-22 07:00:00,0.25692526,0.93624264
2023-12-22 08:00:00,2.3531,1.6363472
2023-12-22 09:00:00,3.3233755,4.285819
2023-12-22 10:00:00,7.1710005,8.586607
2023-12-22 11:00:00,5.219425,9.382953
2023-12-22 12:00:00,7.243049,9.447947
2023-12-22 13:00:00,3.6614752,9.196916
2023-12-22 14:00:00,1.9394,6.2905354
2023-12-22 15:00:00,2.2356498,3.8414772
2023-12-22 16:00:00,0.09525045,1.0307496
2023-12-23 08:00:00,1.3153257,2.8229136
2023-12-23 09:00:00,5.37305,3.9786792
2023-12-23 10:00:00,25.675,16.30618
2023-12-23 11:00:00,31.962925,17.457859
2023-12-23 12:00:00,15.8216505,9.775939
2023-12-23 13:00:00,26.931625,18.030449
2023-12-23 14:00:00,9.20995,14.776268
2023-12-23 15:00:00,3.2970004,3.1899605
2023-12-23 16:00:00,0.46802586,1.2923403
2023-12-24 07:00:00,0.04135103,1.0677886
2023-12-24 08:00:00,0.80752385,2.888608
2023-12-24 09:00:00,2.5143247,4.544308
2023-12-24 10:00:00,12.0824,7.8490067
2023-12-24 11:00:00,22.707676,18.874664
2023-12-24 12:00:00,9.3552,15.120467
2023-12-24 13:00:00,9.40255,9.910912
2023-12-24 14:00:00,9.628099,3.5474722
2023-12-24 15:00:00,3.77015,3.2362494
2023-12-24 16:00:00,0.54285,1.2843609
2023-12-25 07:00:00,0.17410006,1.2021714
2023-12-25 08:00:00,1.3778999,3.5959175
2023-12-25 09:00:00,9.165575,9.966851
2023-12-25 10:00:00,26.5267,19.719728
2023-12-25 11:00:00,34.613102,27.56804
2023-12-25 12:00:00,35.089626,20.147898
2023-12-25 13:00:00,30.32785,20.652695
2023-12-25 14:00:00,18.630474,18.500862
2023-12-25 15:00:00,8.127325,7.485978
2023-12-25 16:00:00,0.66087544,1.6647495
2023-12-26 07:00:00,0.14960103,1.0885327
2023-12-26 08:00:00,2.0185006,1.3533784
2023-12-26 09:00:00,12.77675,8.079896
2023-12-26 10:00:00,27.5621,27.337074
2023-12-26 11:00:00,35.394478,34.296146
2023-12-26 12:00:00,36.423325,35.112747
2023-12-26 13:00:00,32.6562,32.05782
2023-12-26 14:00:00,20.54965,16.810783
2023-12-26 15:00:00,9.1564245,7.54981
2023-12-26 16:00:00,0.80460006,1.2475562
2023-12-27 07:00:00,0.11989986,1.0570103
2023-12-27 08:00:00,1.1705513,1.5624946
2023-12-27 09:00:00,9.65905,12.851264
2023-12-27 10:00:00,27.35205,28.46047
2023-12-27 11:00:00,35.320927,30.902445
2023-12-27 12:00:00,34.8012,35.633762
2023-12-27 13:00:00,32.8419,33.264942
2023-12-27 14:00:00,20.94255,18.332504
2023-12-27 15:00:00,8.667825,8.811478
2023-12-27 16:00:00,0.7560004,1.2542729
2023-12-28 07:00:00,0.15335006,0.99652
2023-12-28 08:00:00,1.2562749,1.175399
2023-12-28 09:00:00,12.05355,8.594097
2023-12-28 10:00:00,27.754025,27.595978
2023-12-28 11:00:00,35.759975,35.65249
2023-12-28 12:00:00,36.743576,34.318462
2023-12-28 13:00:00,32.566574,32.727474
2023-12-28 14:00:00,20.20695,17.392557
2023-12-28 15:00:00,7.97065,7.7094994
2023-12-28 16:00:00,0.3080991,1.2035278
2023-12-29 07:00:00,0.25014985,1.0684321
2023-12-29 08:00:00,2.2312505,1.7148921
2023-12-29 09:00:00,10.817724,12.276679
2023-12-29 10:00:00,25.367775,23.563705
2023-12-29 11:00:00,31.331224,32.013702
2023-12-29 12:00:00,32.56005,33.012516
2023-12-29 13:00:00,32.896324,32.73561
2023-12-29 14:00:00,18.245125,17.434237
2023-12-29 15:00:00,6.49365,5.063311
2023-12-29 16:00:00,0.75275046,1.1928033
2023-12-30 07:00:00,0.12934908,0.9378842
2023-12-30 08:00:00,1.0176996,4.6932936
2023-12-30 09:00:00,6.77625,9.595931
2023-12-30 10:00:00,19.796425,30.809982
2023-12-30 11:00:00,25.999401,34.789608
2023-12-30 12:00:00,27.409426,35.45759
2023-12-30 13:00:00,24.48115,32.714382
2023-12-30 14:00:00,11.70685,10.681994
2023-12-30 15:00:00,6.2523503,4.4079437
2023-12-30 16:00:00,0.73342526,1.7438296
2023-12-31 07:00:00,0.036524862,0.836979
2023-12-31 08:00:00,1.7682505,1.2723461
2023-12-31 09:00:00,8.035525,5.0810885
2023-12-31 10:00:00,18.965775,16.347925
2023-12-31 11:00:00,24.9565,25.116232
2023-12-31 12:00:00,26.0195,27.380388
2023-12-31 13:00:00,22.644073,22.805807
2023-12-31 14:00:00,14.685225,16.452187
2023-12-31 15:00:00,6.1481,9.870603
2023-12-31 16:00:00,0.5356264,1.9321128
